0,0.41524,0.42377,0.46941,0.53728,0.51837,0.36107,0.45568,0.40755,0.34341,0.30771,0.40763,0.37847,0.39973,0.43509,0.22743,0.40236,0.41551,0.24324,0.45218,0.40178,0.43032,0.35626,0.33511,0.24854,0.4182,0.4074,0.29734,0.3957,0.39886,0.42764,0.45875,0.40063,0.45651,0.25373,0.33616,0.32569,0.31519,0.42969,0.40762,0.45543,0.55384,0.30724,0.4007,0.39768,0.44072,0.44108,0.45545,0.48711,0.43252,0.30063,0.28375,0.42011,0.51348,0.44693,0.40097,0.44327,0.40289,0.40199,0.3533,0.2792,0.39729,0.36743,0.43536,0.38291,0.36548,0.39114,0.40703,0.38563,0.3397,0.40515,0.40703,0.39283,0.40819,0.43581,0.39281,0.40532,0.41998,0.42371,0.41165,0.38138,0.39499,0.37869,0.28397,0.39273,0.33339,0.34012,0.40099,0.38641,0.44921,0.37465,0.43119,0.40995,0.38004,0.46613,0.40344,0.4328,0.44624,0.4444
0.41524,0,0.26368,0.40429,0.70806,0.58861,0.38595,0.39753,0.27156,0.58176,0.43711,0.25439,0.50787,0.25352,0.21157,0.46836,0.22065,0.23039,0.53991,0.39102,0.39682,0.20258,0.4154,0.40367,0.52182,0.26712,0.21,0.4199,0.41781,0.26725,0.36824,0.20714,0.49616,0.58589,0.5619,0.40161,0.5807,0.40272,0.25948,0.20476,0.20188,0.71874,0.45261,0.24161,0.30417,0.28223,0.41895,0.27333,0.30451,0.3767,0.43083,0.44225,0.24138,0.26119,0.34064,0.41747,0.24773,0.42767,0.25833,0.4296,0.48628,0.24608,0.40662,0.26214,0.25356,0.40419,0.28545,0.31284,0.26629,0.44201,0.27973,0.30505,0.26942,0.43716,0.60338,0.23689,0.24131,0.23538,0.37779,0.44499,0.2632,0.29708,0.27837,0.47778,0.36196,0.57738,0.45296,0.26147,0.45448,0.51296,0.33649,0.29882,0.2727,0.25755,0.53389,0.24161,0.42,0.29462,0.43136
0.42377,0.26368,0,0.34528,0.67369,0.58837,0.36313,0.3448,0.23059,0.54214,0.38039,0.19179,0.41445,0.19737,0.2009,0.43731,0.20766,0.20222,0.48438,0.3006,0.31364,0.23699,0.40269,0.37324,0.47592,0.19077,0.18037,0.36933,0.4203,0.2752,0.2972,0.19778,0.5017,0.51729,0.52592,0.36385,0.54898,0.38632,0.18237,0.18368,0.21573,0.68432,0.40666,0.28685,0.31848,0.30109,0.39483,0.29227,0.33082,0.44538,0.41236,0.41694,0.28169,0.29022,0.37472,0.38207,0.2826,0.37407,0.32724,0.4091,0.47601,0.25742,0.38478,0.26163,0.27379,0.34377,0.3468,0.30814,0.22198,0.39475,0.22861,0.29492,0.3536,0.41139,0.55098,0.25094,0.27538,0.24047,0.30074,0.33991,0.20011,0.23113,0.26486,0.45152,0.2654,0.528,0.4773,0.28546,0.45594,0.45248,0.33572,0.25855,0.20763,0.26056,0.44604,0.23524,0.35478,0.22461,0.35973
0.46941,0.40429,0.34528,0,0.63242,0.57613,0.39461,0.31862,0.2665,0.58551,0.40406,0.26654,0.39174,0.2454,0.32886,0.47434,0.27476,0.33167,0.54959,0.2084,0.2365,0.31213,0.43789,0.36673,0.53252,0.27116,0.28669,0.41613,0.43923,0.41218,0.26906,0.30137,0.55216,0.42028,0.55294,0.38468,0.5774,0.42848,0.30325,0.31264,0.30284,0.63552,0.40009,0.39733,0.42312,0.38109,0.4309,0.40213,0.37917,0.47867,0.41787,0.40131,0.36043,0.39797,0.45864,0.36849,0.39506,0.38812,0.39411,0.44111,0.52745,0.36325,0.43446,0.3087,0.3675,0.34267,0.44265,0.41909,0.25901,0.40891,0.31553,0.36255,0.40748,0.44253,0.51275,0.35947,0.35235,0.35362,0.24576,0.29718,0.29887,0.30443,0.35012,0.50353,0.29397,0.55094,0.51218,0.3728,0.49678,0.33897,0.36843,0.27648,0.25799,0.3593,0.3508,0.3562,0.2619,0.28722,0.23927
0.53728,0.70806,0.67369,0.63242,0,0.48016,0.57711,0.5934,0.56177,0.44875,0.51033,0.57078,0.50224,0.54806,0.57174,0.55574,0.58998,0.55677,0.51319,0.50411,0.47913,0.59306,0.58696,0.57368,0.45788,0.55554,0.59887,0.54745,0.61259,0.57613,0.56705,0.5808,0.46334,0.40637,0.52078,0.53923,0.50019,0.54196,0.54082,0.57412,0.6218,0.22033,0.59515,0.64271,0.58343,0.63537,0.6203,0.61649,0.6261,0.63768,0.58605,0.57799,0.60815,0.63071,0.62653,0.57098,0.63437,0.62618,0.62832,0.5981,0.59676,0.60468,0.5868,0.6035,0.58616,0.59274,0.65454,0.60106,0.56807,0.53862,0.5652,0.58031,0.63136,0.64135,0.44904,0.58698,0.60327,0.58435,0.52991,0.51198,0.58786,0.5816,0.55099,0.56586,0.54257,0.58228,0.63359,0.60122,0.65715,0.44904,0.5789,0.56677,0.59352,0.59743,0.45167,0.59881,0.51715,0.57832,0.50674
0.51837,0.58861,0.58837,0.57613,0.48016,0,0.46434,0.53563,0.50062,0.51689,0.44165,0.47699,0.50839,0.49813,0.45951,0.44183,0.48575,0.45294,0.46648,0.52058,0.49795,0.502,0.45677,0.44433,0.46717,0.48215,0.46035,0.43808,0.4985,0.48608,0.53956,0.47717,0.3573,0.41914,0.50613,0.45176,0.53662,0.41043,0.4672,0.47975,0.49692,0.5407,0.52658,0.53157,0.51108,0.53799,0.48805,0.56051,0.55035,0.53862,0.48728,0.49053,0.51122,0.53183,0.54672,0.47951,0.53326,0.49895,0.51872,0.45714,0.54376,0.4866,0.4094,0.53297,0.47501,0.49694,0.52915,0.50567,0.46316,0.48598,0.51776,0.49173,0.52914,0.53058,0.46516,0.47988,0.49682,0.5089,0.51447,0.48914,0.48699,0.48816,0.46845,0.44674,0.47279,0.48656,0.50128,0.50858,0.48956,0.48483,0.49699,0.5123,0.47759,0.47858,0.50153,0.47786,0.52992,0.49895,0.53775
0.36107,0.38595,0.36313,0.39461,0.57711,0.46434,0,0.40251,0.33154,0.46876,0.22996,0.27778,0.36701,0.29317,0.25628,0.284,0.25531,0.24466,0.36016,0.40524,0.37845,0.27792,0.1744,0.20214,0.36759,0.2748,0.24709,0.17489,0.20517,0.29909,0.38085,0.29104,0.3484,0.48989,0.41531,0.16215,0.48816,0.21135,0.29537,0.25181,0.27166,0.65689,0.24709,0.29767,0.26503,0.29926,0.2211,0.31331,0.3403,0.32454,0.21619,0.25976,0.29716,0.29915,0.38699,0.23902,0.28216,0.20365,0.31169,0.21984,0.35155,0.26113,0.20907,0.32161,0.28979,0.18819,0.31178,0.30134,0.28887,0.27374,0.31642,0.30798,0.30469,0.21946,0.51287,0.26655,0.31548,0.27237,0.35917,0.40815,0.3058,0.31932,0.30111,0.31924,0.35503,0.46731,0.28578,0.32661,0.29604,0.4534,0.38029,0.36504,0.32111,0.30443,0.44757,0.2774,0.37197,0.36227,0.39791
0.45568,0.39753,0.3448,0.31862,0.5934,0.53563,0.40251,0,0.38436,0.5575,0.4497,0.35059,0.44708,0.3273,0.4086,0.45614,0.36905,0.36742,0.4938,0.36537,0.36772,0.34209,0.42422,0.39133,0.51167,0.35974,0.34362,0.4012,0.42075,0.40257,0.27309,0.37101,0.53407,0.52261,0.50969,0.41734,0.50488,0.41262,0.36506,0.3533,0.38989,0.67658,0.45454,0.40528,0.38652,0.43268,0.43509,0.41851,0.39349,0.49427,0.42265,0.43228,0.34186,0.41144,0.44353,0.45444,0.44592,0.405,0.35556,0.43887,0.49335,0.35335,0.42428,0.36955,0.34665,0.40762,0.43526,0.40563,0.30178,0.44485,0.33203,0.3912,0.40138,0.42953,0.5584,0.36908,0.33695,0.35522,0.35683,0.40136,0.33379,0.34015,0.3746,0.50982,0.33655,0.54553,0.46654,0.34025,0.4582,0.46005,0.36993,0.33651,0.32027,0.34825,0.46369,0.36794,0.38497,0.33967,0.36873
0.40755,0.27156,0.23059,0.2665,0.56177,0.50062,0.33154,0.38436,0,0.55221,0.37375,0.20895,0.42015,0.22912,0.22269,0.44272,0.1988,0.26463,0.48764,0.29844,0.28883,0.26037,0.43964,0.37433,0.47394,0.20654,0.19345,0.38146,0.43748,0.35838,0.30227,0.25333,0.51945,0.49419,0.53549,0.37407,0.57639,0.38522,0.23622,0.25964,0.23625,0.6646,0.39592,0.31743,0.33865,0.32379,0.41518,0.31241,0.36025,0.46547,0.40803,0.39906,0.3479,0.36707,0.41121,0.37141,0.2914,0.40457,0.37095,0.42719,0.47491,0.31264,0.4033,0.24907,0.28931,0.36368,0.37695,0.34295,0.25762,0.38474,0.25905,0.27759,0.37409,0.43508,0.51985,0.29579,0.31186,0.28571,0.2609,0.32889,0.2113,0.25212,0.28999,0.47441,0.2715,0.53668,0.49153,0.34079,0.47976,0.39605,0.36992,0.27481,0.23448,0.30083,0.39315,0.26465,0.31023,0.22757,0.3432
0.34341,0.58176,0.54214,0.58551,0.44875,0.51689,0.46876,0.5575,0.55221,0,0.38873,0.497,0.42426,0.48607,0.49633,0.31705,0.49182,0.48134,0.25395,0.48911,0.42766,0.5023,0.4345,0.40632,0.28616,0.4977,0.47266,0.38432,0.48649,0.46322,0.47291,0.51081,0.414,0.44315,0.25127,0.41342,0.26872,0.39979,0.47871,0.48365,0.53263,0.47004,0.40227,0.49395,0.45768,0.50801,0.49737,0.51513,0.50841,0.43956,0.40815,0.38453,0.51042,0.53528,0.49464,0.46946,0.51839,0.48023,0.4822,0.42913,0.3724,0.4616,0.42953,0.5152,0.4542,0.44625,0.46564,0.47637,0.4261,0.43438,0.44824,0.45201,0.45383,0.48026,0.41257,0.43969,0.43883,0.45291,0.44326,0.42539,0.44587,0.44547,0.41823,0.32542,0.43516,0.36962,0.41897,0.48426,0.45555,0.40763,0.41242,0.47252,0.48219,0.43368,0.4162,0.42714,0.45841,0.49734,0.46135
0.30771,0.43711,0.38039,0.40406,0.51033,0.44165,0.22996,0.4497,0.37375,0.38873,0,0.23684,0.27855,0.27901,0.27399,0.26097,0.27562,0.25495,0.28437,0.36174,0.31206,0.31475,0.25617,0.21694,0.3038,0.26368,0.25758,0.16509,0.27878,0.32715,0.36731,0.30235,0.38378,0.42909,0.34351,0.18209,0.43329,0.2222,0.28793,0.26222,0.27329,0.60757,0.21618,0.30436,0.27238,0.31375,0.27563,0.33382,0.34984,0.38974,0.20479,0.23277,0.33239,0.35143,0.42403,0.23629,0.33887,0.26392,0.33026,0.24329,0.29794,0.28298,0.21948,0.3068,0.22991,0.19889,0.29302,0.31895,0.26683,0.21817,0.27129,0.27627,0.32613,0.26746,0.45668,0.26969,0.30226,0.28345,0.34926,0.32131,0.24803,0.283,0.27567,0.30989,0.30363,0.40184,0.35257,0.29679,0.33488,0.42405,0.32208,0.35814,0.2919,0.27209,0.40503,0.24167,0.3552,0.30016,0.37974
0.40763,0.25439,0.19179,0.26654,0.57078,0.47699,0.27778,0.35059,0.20895,0.497,0.23684,0,0.42064,0.18481,0.19968,0.42921,0.17707,0.23557,0.48603,0.31724,0.32565,0.21068,0.38479,0.36264,0.49885,0.14675,0.1811,0.37143,0.38346,0.31865,0.30052,0.23261,0.5,0.52768,0.53023,0.35057,0.55597,0.38548,0.22905,0.22704,0.18437,0.68933,0.3829,0.33045,0.33427,0.34649,0.38366,0.30836,0.34424,0.44677,0.39869,0.38636,0.30725,0.34602,0.41218,0.34489,0.29368,0.36443,0.33454,0.40105,0.46929,0.28814,0.38928,0.25555,0.30056,0.3369,0.39259,0.30239,0.22924,0.36762,0.29272,0.28046,0.36107,0.41679,0.57621,0.2672,0.3155,0.27883,0.31277,0.37505,0.23479,0.27192,0.29335,0.45096,0.31433,0.54216,0.44371,0.32761,0.43864,0.432,0.37323,0.30145,0.22591,0.30568,0.4502,0.29585,0.362,0.28688,0.36339
0.37847,0.50787,0.41445,0.39174,0.50224,0.50839,0.36701,0.44708,0.42015,0.42426,0.27855,0.42064,0,0.37124,0.36499,0.37206,0.35395,0.34751,0.35626,0.36778,0.2945,0.38553,0.41583,0.3592,0.33154,0.34443,0.35334,0.30309,0.43671,0.40654,0.31935,0.37309,0.47534,0.35555,0.37206,0.29414,0.41308,0.3779,0.33351,0.3342,0.41271,0.60724,0.33109,0.3936,0.37805,0.40272,0.40117,0.44228,0.39761,0.47722,0.35973,0.38859,0.37778,0.43162,0.4765,0.31099,0.42287,0.37239,0.42206,0.34952,0.33716,0.35473,0.38103,0.37827,0.37254,0.34128,0.41489,0.38777,0.34204,0.33518,0.32409,0.34228,0.41111,0.38555,0.39581,0.36251,0.37223,0.36206,0.33604,0.27569,0.35351,0.33372,0.34751,0.38092,0.28647,0.35085,0.46914,0.37012,0.43889,0.3861,0.3577,0.35592,0.33722,0.35491,0.35812,0.37136,0.29722,0.34209,0.33744
0.39973,0.25352,0.19737,0.2454,0.54806,0.49813,0.29317,0.3273,0.22912,0.48607,0.27901,0.18481,0.37124,0,0.21701,0.41903,0.2043,0.24148,0.4819,0.32122,0.33071,0.22395,0.39964,0.35358,0.47971,0.2102,0.18302,0.36634,0.41952,0.32092,0.3119,0.23349,0.52128,0.52991,0.52346,0.36683,0.54156,0.39836,0.23679,0.23533,0.19155,0.67657,0.39652,0.32614,0.32744,0.35859,0.42295,0.30836,0.36801,0.44062,0.40954,0.42509,0.32107,0.34019,0.43175,0.37826,0.3257,0.38861,0.34296,0.39264,0.46189,0.30321,0.41572,0.27197,0.29939,0.34544,0.39413,0.3163,0.23368,0.37146,0.29332,0.32563,0.37287,0.42489,0.57854,0.29111,0.31053,0.2903,0.32945,0.36431,0.24897,0.29244,0.32875,0.45476,0.30697,0.54875,0.4531,0.34736,0.44292,0.42844,0.38871,0.30188,0.2403,0.30984,0.43427,0.30841,0.36897,0.29537,0.35984
0.43509,0.21157,0.2009,0.32886,0.57174,0.45951,0.25628,0.4086,0.22269,0.49633,0.27399,0.19968,0.36499,0.21701,0,0.44742,0.19058,0.20012,0.50515,0.35684,0.35996,0.21946,0.38921,0.36311,0.52056,0.20007,0.18561,0.36792,0.39909,0.25484,0.35512,0.18459,0.49742,0.55417,0.55896,0.3615,0.58165,0.37651,0.20294,0.19904,0.16525,0.69442,0.39834,0.28877,0.29997,0.28878,0.37148,0.26302,0.31481,0.40657,0.41471,0.41033,0.29271,0.28426,0.34257,0.37348,0.24836,0.37818,0.33362,0.4041,0.49493,0.25306,0.37797,0.2328,0.26127,0.34082,0.33318,0.29704,0.25,0.40172,0.26142,0.28427,0.3389,0.42265,0.5873,0.23586,0.25567,0.22742,0.36047,0.41095,0.24252,0.27676,0.26275,0.47321,0.33471,0.56155,0.46566,0.28488,0.45571,0.47958,0.3468,0.28834,0.24549,0.26676,0.49141,0.23681,0.40472,0.25619,0.40249
0.22743,0.46836,0.43731,0.47434,0.55574,0.44183,0.284,0.45614,0.44272,0.31705,0.26097,0.42921,0.37206,0.41903,0.44742,0,0.35439,0.36596,0.25817,0.45156,0.40146,0.38563,0.25296,0.27118,0.30782,0.37301,0.35751,0.25284,0.28752,0.35768,0.41379,0.39184,0.3538,0.48493,0.29874,0.24277,0.36254,0.26337,0.38605,0.35788,0.40355,0.59475,0.26208,0.35459,0.34828,0.40769,0.34781,0.3718,0.40136,0.38377,0.23942,0.22889,0.35583,0.4212,0.40108,0.31221,0.39123,0.31003,0.3837,0.23606,0.28233,0.34326,0.28476,0.38671,0.35987,0.28848,0.36136,0.39825,0.32722,0.30994,0.3552,0.36245,0.34798,0.32611,0.46436,0.3386,0.36637,0.38229,0.401,0.42531,0.33455,0.34781,0.36152,0.18218,0.36566,0.37646,0.26945,0.36983,0.2758,0.46925,0.4126,0.41825,0.35935,0.35294,0.48768,0.39033,0.44854,0.43117,0.45552
0.40236,0.22065,0.20766,0.27476,0.58998,0.48575,0.25531,0.36905,0.1988,0.49182,0.27562,0.17707,0.35395,0.2043,0.19058,0.35439,0,0.2237,0.50379,0.32471,0.33007,0.2229,0.37835,0.33438,0.50002,0.2082,0.17803,0.36633,0.38145,0.2898,0.31878,0.20477,0.50134,0.54674,0.54596,0.34624,0.55998,0.37503,0.22115,0.23445,0.19048,0.68514,0.38905,0.28194,0.31068,0.3177,0.39967,0.28772,0.3471,0.4075,0.37372,0.39792,0.2786,0.3036,0.39857,0.36464,0.28024,0.36727,0.34182,0.39404,0.46504,0.24391,0.3947,0.23125,0.29622,0.33919,0.33989,0.29952,0.23002,0.39108,0.28626,0.30521,0.32031,0.41568,0.55666,0.25851,0.27228,0.27183,0.31711,0.37291,0.21141,0.25044,0.28618,0.44429,0.30822,0.5548,0.43793,0.29645,0.42933,0.42618,0.35341,0.28679,0.23549,0.30086,0.44071,0.28091,0.35663,0.2816,0.35656
0.41551,0.23039,0.20222,0.33167,0.55677,0.45294,0.24466,0.36742,0.26463,0.48134,0.25495,0.23557,0.34751,0.24148,0.20012,0.36596,0.2237,0,0.47188,0.35458,0.35895,0.22116,0.35321,0.34746,0.48377,0.22042,0.18703,0.32977,0.36022,0.20952,0.34885,0.18239,0.45568,0.53565,0.51806,0.32828,0.5489,0.34731,0.20673,0.15497,0.20332,0.68682,0.37671,0.23677,0.25598,0.23933,0.34303,0.25966,0.25172,0.36426,0.37515,0.38285,0.22266,0.19987,0.28865,0.34494,0.2064,0.35056,0.27412,0.36786,0.46405,0.22239,0.33462,0.21412,0.2371,0.31846,0.26425,0.27018,0.22345,0.3777,0.26019,0.23722,0.26839,0.38116,0.56657,0.23493,0.23591,0.21486,0.35599,0.41761,0.2443,0.24515,0.25728,0.42913,0.33156,0.54351,0.43006,0.26228,0.42526,0.51128,0.32676,0.27933,0.25564,0.25052,0.49654,0.23858,0.4121,0.25444,0.39535
0.24324,0.53991,0.48438,0.54959,0.51319,0.46648,0.36016,0.4938,0.48764,0.25395,0.28437,0.48603,0.35626,0.4819,0.50515,0.25817,0.50379,0.47188,0,0.46725,0.39377,0.42727,0.31831,0.31841,0.26198,0.41165,0.40016,0.26527,0.37851,0.38719,0.43567,0.43318,0.37702,0.46462,0.2012,0.29166,0.31689,0.28801,0.41725,0.39809,0.45231,0.54711,0.27819,0.39124,0.34936,0.41797,0.37647,0.41474,0.47364,0.37676,0.28248,0.26505,0.39834,0.47418,0.42196,0.35888,0.41156,0.37992,0.40387,0.30133,0.28585,0.38961,0.30456,0.44249,0.3508,0.33808,0.37834,0.40432,0.37018,0.31614,0.38155,0.37347,0.39019,0.3822,0.43971,0.36917,0.36648,0.38466,0.43013,0.42027,0.40052,0.36752,0.35494,0.26329,0.37925,0.34398,0.32455,0.38104,0.35175,0.45563,0.37109,0.42658,0.40056,0.38386,0.45804,0.38998,0.43297,0.44265,0.44365
0.45218,0.39102,0.3006,0.2084,0.50411,0.52058,0.40524,0.36537,0.29844,0.48911,0.36174,0.31724,0.36778,0.32122,0.35684,0.45156,0.32471,0.35458,0.46725,0,0.23421,0.30678,0.4506,0.396,0.48669,0.253,0.27987,0.44027,0.45782,0.38307,0.31792,0.29441,0.54896,0.43287,0.52892,0.39313,0.54476,0.44903,0.26947,0.31505,0.31352,0.62602,0.44812,0.40035,0.39726,0.40551,0.43724,0.368,0.35176,0.49193,0.43656,0.45529,0.33546,0.37274,0.48831,0.39436,0.39247,0.40302,0.40728,0.46423,0.48537,0.32666,0.44872,0.31182,0.36483,0.3808,0.41984,0.37288,0.27361,0.42877,0.30384,0.34753,0.39851,0.44685,0.49493,0.31337,0.32617,0.31907,0.25316,0.28273,0.27593,0.26755,0.31876,0.50845,0.26251,0.52694,0.52285,0.36344,0.5086,0.30664,0.38259,0.2737,0.26012,0.34879,0.3308,0.35187,0.26139,0.2823,0.23997
0.40178,0.39682,0.31364,0.2365,0.47913,0.49795,0.37845,0.36772,0.28883,0.42766,0.31206,0.32565,0.2945,0.33071,0.35996,0.40146,0.33007,0.35895,0.39377,0.23421,0,0.31246,0.3912,0.34356,0.42208,0.24439,0.24751,0.39677,0.41534,0.35635,0.25817,0.3085,0.53403,0.40366,0.46852,0.36555,0.50683,0.3953,0.24344,0.30269,0.29959,0.58798,0.3844,0.38877,0.3625,0.40197,0.39253,0.36604,0.38825,0.47863,0.39336,0.3835,0.35473,0.39771,0.44115,0.36651,0.3803,0.38408,0.40952,0.43821,0.43133,0.32419,0.39741,0.30487,0.33414,0.35329,0.42569,0.37787,0.24984,0.40888,0.25838,0.31669,0.38685,0.43053,0.47003,0.3185,0.32676,0.3303,0.18805,0.21685,0.24339,0.22551,0.30977,0.42445,0.17899,0.48201,0.46965,0.34337,0.45971,0.27625,0.35876,0.26058,0.23737,0.31518,0.2862,0.32232,0.2013,0.24744,0.19789
0.43032,0.20258,0.23699,0.31213,0.59306,0.502,0.27792,0.34209,0.26037,0.5023,0.31475,0.21068,0.38553,0.22395,0.21946,0.38563,0.2229,0.22116,0.42727,0.30678,0.31246,0,0.446,0.42481,0.54039,0.27829,0.23691,0.44108,0.45318,0.34696,0.35709,0.23946,0.55596,0.59576,0.58128,0.42982,0.60707,0.45243,0.31362,0.22409,0.23561,0.73263,0.4586,0.30242,0.32642,0.31265,0.45912,0.28113,0.30635,0.37977,0.46917,0.47066,0.25226,0.27808,0.35305,0.4244,0.30426,0.43734,0.2862,0.45201,0.53382,0.27391,0.45542,0.27819,0.27384,0.4265,0.31446,0.30084,0.26328,0.44267,0.32511,0.32,0.30978,0.48722,0.64123,0.25143,0.27598,0.25822,0.38246,0.45355,0.30619,0.32971,0.30232,0.50904,0.37642,0.61626,0.50185,0.29784,0.5105,0.53175,0.35674,0.30888,0.28672,0.30814,0.53282,0.29662,0.43613,0.32862,0.44322
0.35626,0.4154,0.40269,0.43789,0.58696,0.45677,0.1744,0.42422,0.43964,0.4345,0.25617,0.38479,0.41583,0.39964,0.38921,0.25296,0.37835,0.35321,0.31831,0.4506,0.3912,0.446,0,0.21881,0.3906,0.33326,0.31274,0.20623,0.1614,0.30915,0.42054,0.37151,0.32778,0.51136,0.41051,0.18423,0.48232,0.19828,0.35938,0.31495,0.33556,0.64803,0.23472,0.31636,0.29621,0.34779,0.23379,0.30376,0.36227,0.31679,0.19572,0.24507,0.30236,0.33168,0.32979,0.24829,0.29217,0.2147,0.32717,0.19379,0.34713,0.31777,0.21196,0.37257,0.3109,0.21918,0.34011,0.37089,0.34379,0.27934,0.36971,0.32798,0.32908,0.23278,0.50132,0.30016,0.35427,0.3278,0.40181,0.44936,0.34433,0.35488,0.36749,0.29551,0.39909,0.46859,0.22077,0.38212,0.28612,0.47622,0.38351,0.42475,0.38343,0.33437,0.4998,0.34568,0.43296,0.41549,0.4479
0.33511,0.40367,0.37324,0.36673,0.57368,0.44433,0.20214,0.39133,0.37433,0.40632,0.21694,0.36264,0.3592,0.35358,0.36311,0.27118,0.33438,0.34746,0.31841,0.396,0.34356,0.42481,0.21881,0,0.34046,0.3026,0.26625,0.20781,0.22925,0.29062,0.32788,0.34012,0.35874,0.48347,0.4108,0.19105,0.47493,0.1953,0.30189,0.29764,0.31037,0.63477,0.22272,0.29905,0.33061,0.33282,0.27206,0.37432,0.38224,0.35789,0.21243,0.25596,0.32692,0.34599,0.37913,0.24298,0.32851,0.25372,0.34315,0.25712,0.34947,0.31647,0.23818,0.37371,0.35132,0.20574,0.31774,0.33453,0.30012,0.26201,0.3593,0.35522,0.32469,0.29891,0.50024,0.35694,0.34535,0.3456,0.32947,0.37929,0.31056,0.32516,0.38133,0.30956,0.35307,0.45743,0.28659,0.36057,0.30348,0.42001,0.37852,0.36297,0.36475,0.36357,0.42494,0.35964,0.35192,0.3759,0.37954
0.24854,0.52182,0.47592,0.53252,0.45788,0.46717,0.36759,0.51167,0.47394,0.28616,0.3038,0.49885,0.33154,0.47971,0.52056,0.30782,0.50002,0.48377,0.26198,0.48669,0.42208,0.54039,0.3906,0.34046,0,0.40457,0.40223,0.29301,0.39202,0.3956,0.4203,0.42399,0.36756,0.44543,0.30859,0.30067,0.37633,0.31,0.3884,0.39298,0.45102,0.50928,0.30609,0.43141,0.39441,0.44653,0.41371,0.42574,0.43856,0.44285,0.30269,0.32531,0.41,0.46522,0.45436,0.38039,0.42712,0.38836,0.38568,0.36563,0.33474,0.39064,0.33983,0.46168,0.37746,0.35203,0.40599,0.39356,0.39355,0.29261,0.40608,0.39284,0.37645,0.41262,0.45679,0.38403,0.4015,0.40875,0.40877,0.3789,0.40243,0.3979,0.35582,0.29127,0.37877,0.39225,0.3757,0.38497,0.39203,0.43883,0.38474,0.42391,0.40796,0.37601,0.44577,0.38038,0.42971,0.41516,0.44062
0.4182,0.26712,0.19077,0.27116,0.55554,0.48215,0.2748,0.35974,0.20654,0.4977,0.26368,0.14675,0.34443,0.2102,0.20007,0.37301,0.2082,0.22042,0.41165,0.253,0.24439,0.27829,0.33326,0.3026,0.40457,0,0.18344,0.36179,0.3857,0.31389,0.30011,0.22443,0.49425,0.49881,0.52641,0.34623,0.56287,0.38514,0.24117,0.23894,0.20679,0.68363,0.38686,0.31928,0.32373,0.31935,0.36638,0.31139,0.316,0.43315,0.38942,0.38125,0.30672,0.29049,0.3731,0.34767,0.29228,0.35571,0.3534,0.39792,0.47348,0.30013,0.3747,0.24616,0.29483,0.32563,0.36904,0.31481,0.22047,0.35832,0.29653,0.25555,0.36184,0.39579,0.56062,0.2841,0.30599,0.28865,0.32171,0.3599,0.23329,0.25287,0.29843,0.44839,0.30638,0.54487,0.46011,0.34296,0.45808,0.43726,0.38797,0.2962,0.23679,0.32409,0.43751,0.30051,0.35324,0.26528,0.34109
0.4074,0.21,0.18037,0.28669,0.59887,0.46035,0.24709,0.34362,0.19345,0.47266,0.25758,0.1811,0.35334,0.18302,0.18561,0.35751,0.17803,0.18703,0.40016,0.27987,0.24751,0.23691,0.31274,0.26625,0.40223,0.18344,0,0.37058,0.41666,0.3046,0.30978,0.19182,0.50252,0.54357,0.55013,0.35429,0.57563,0.37658,0.23038,0.21049,0.17795,0.6976,0.40526,0.2852,0.29507,0.31166,0.37404,0.27732,0.3472,0.39563,0.40696,0.41725,0.27818,0.2914,0.40047,0.35414,0.26675,0.37818,0.31536,0.39235,0.50028,0.23142,0.38819,0.2124,0.27064,0.35092,0.35702,0.27515,0.21411,0.38687,0.26233,0.26676,0.31795,0.41102,0.59124,0.23646,0.27366,0.25746,0.3345,0.37839,0.22864,0.24908,0.25949,0.4362,0.30771,0.54066,0.44212,0.29425,0.42068,0.44511,0.33035,0.25526,0.24497,0.2733,0.45938,0.26085,0.36164,0.24303,0.36264
0.29734,0.4199,0.36933,0.41613,0.54745,0.43808,0.17489,0.4012,0.38146,0.38432,0.16509,0.37143,0.30309,0.36634,0.36792,0.25284,0.36633,0.32977,0.26527,0.44027,0.39677,0.44108,0.20623,0.20781,0.29301,0.36179,0.37058,0,0.23566,0.28753,0.36589,0.29005,0.35769,0.48729,0.35731,0.1646,0.44456,0.17145,0.30652,0.25241,0.30104,0.64208,0.21785,0.27316,0.2405,0.30883,0.24928,0.28378,0.34677,0.34108,0.17965,0.23259,0.2693,0.32821,0.35637,0.24378,0.26581,0.21591,0.3019,0.21994,0.27363,0.26433,0.18541,0.3344,0.23159,0.17885,0.31016,0.33317,0.30815,0.25621,0.28306,0.29001,0.29576,0.23294,0.48479,0.26345,0.26632,0.27272,0.36346,0.38603,0.3044,0.29547,0.32146,0.30905,0.32926,0.41832,0.2622,0.28253,0.32237,0.46477,0.35932,0.36822,0.30567,0.26073,0.46773,0.27531,0.38254,0.34878,0.40434
0.3957,0.41781,0.4203,0.43923,0.61259,0.4985,0.20517,0.42075,0.43748,0.48649,0.27878,0.38346,0.43671,0.41952,0.39909,0.28752,0.38145,0.36022,0.37851,0.45782,0.41534,0.45318,0.1614,0.22925,0.39202,0.3857,0.41666,0.23566,0,0.32774,0.42733,0.35211,0.3626,0.51574,0.46094,0.23292,0.50847,0.26931,0.38673,0.33049,0.35454,0.6706,0.27741,0.36608,0.3234,0.36836,0.25501,0.34559,0.41119,0.34601,0.24524,0.2738,0.32146,0.33347,0.33802,0.25295,0.30766,0.23191,0.38727,0.22656,0.37923,0.33217,0.26288,0.3523,0.34646,0.24584,0.3949,0.36229,0.34575,0.27955,0.38354,0.32943,0.34225,0.23651,0.53039,0.32192,0.39825,0.36665,0.42494,0.46144,0.37349,0.40495,0.3974,0.32906,0.42071,0.4954,0.27389,0.40867,0.26264,0.4988,0.41025,0.44819,0.40215,0.38592,0.50828,0.41421,0.44701,0.43147,0.47401
0.39886,0.26725,0.2752,0.41218,0.57613,0.48608,0.29909,0.40257,0.35838,0.46322,0.32715,0.31865,0.40654,0.32092,0.25484,0.35768,0.2898,0.20952,0.38719,0.38307,0.35635,0.34696,0.30915,0.29062,0.3956,0.31389,0.3046,0.28753,0.32774,0,0.42362,0.24342,0.45831,0.55245,0.51811,0.35963,0.5487,0.35796,0.25055,0.20675,0.27679,0.66759,0.40106,0.23519,0.26773,0.27612,0.38695,0.27738,0.30669,0.41249,0.38562,0.40567,0.25163,0.29306,0.28357,0.4115,0.22573,0.41067,0.26125,0.4148,0.46237,0.25389,0.35652,0.32784,0.26703,0.38747,0.2807,0.33763,0.30353,0.43157,0.29857,0.33021,0.27954,0.42304,0.56361,0.27897,0.25088,0.25451,0.42605,0.47099,0.30989,0.29971,0.29143,0.43477,0.37145,0.53383,0.43083,0.25396,0.44414,0.52606,0.35069,0.36286,0.30619,0.26744,0.52493,0.27183,0.45546,0.3269,0.47972
0.42764,0.36824,0.2972,0.26906,0.56705,0.53956,0.38085,0.27309,0.30227,0.47291,0.36731,0.30052,0.31935,0.3119,0.35512,0.41379,0.31878,0.34885,0.43567,0.31792,0.25817,0.35709,0.42054,0.32788,0.4203,0.30011,0.30978,0.36589,0.42733,0.42362,0,0.32151,0.5382,0.49933,0.51913,0.38238,0.52154,0.401,0.30458,0.31097,0.32722,0.67098,0.39348,0.35674,0.37292,0.35352,0.40759,0.37104,0.34356,0.47118,0.40835,0.39315,0.32283,0.39736,0.41008,0.38263,0.40236,0.39282,0.34793,0.4296,0.47292,0.32106,0.39596,0.30572,0.31458,0.3577,0.35548,0.37356,0.23126,0.41754,0.24979,0.33064,0.35098,0.43073,0.51367,0.27895,0.2972,0.32498,0.25267,0.32093,0.23398,0.27125,0.30654,0.47682,0.25426,0.50674,0.47863,0.297,0.44194,0.41384,0.29515,0.23262,0.22341,0.31007,0.40946,0.29907,0.28084,0.23317,0.32184
0.45875,0.20714,0.19778,0.30137,0.5808,0.47717,0.29104,0.37101,0.25333,0.51081,0.30235,0.23261,0.37309,0.23349,0.18459,0.39184,0.20477,0.18239,0.43318,0.29441,0.3085,0.23946,0.37151,0.34012,0.42399,0.22443,0.19182,0.29005,0.35211,0.24342,0.32151,0,0.5105,0.56712,0.57862,0.39461,0.59577,0.40903,0.24756,0.18716,0.22455,0.71478,0.4387,0.25087,0.315,0.2556,0.40014,0.25009,0.2792,0.39748,0.43341,0.45072,0.21486,0.24684,0.32648,0.4141,0.2326,0.39001,0.28843,0.41416,0.50616,0.212,0.41319,0.21084,0.22934,0.37883,0.30108,0.2902,0.24803,0.45908,0.2324,0.25614,0.29769,0.42573,0.5784,0.2122,0.23301,0.18538,0.34116,0.40996,0.22376,0.26564,0.2426,0.48406,0.33131,0.56881,0.50333,0.25579,0.47765,0.4954,0.30713,0.29234,0.24085,0.22223,0.5049,0.21995,0.39851,0.26017,0.39989
0.40063,0.49616,0.5017,0.55216,0.46334,0.3573,0.3484,0.53407,0.51945,0.414,0.38378,0.5,0.47534,0.52128,0.49742,0.3538,0.50134,0.45568,0.37702,0.54896,0.53403,0.55596,0.32778,0.35874,0.36756,0.49425,0.50252,0.35769,0.3626,0.45831,0.5382,0.5105,0,0.41967,0.45749,0.32121,0.50227,0.30367,0.41397,0.44889,0.50094,0.56529,0.38085,0.47864,0.49835,0.51593,0.37243,0.50608,0.46961,0.49113,0.34605,0.36742,0.45943,0.48321,0.49836,0.35132,0.47964,0.34494,0.47442,0.34714,0.40703,0.43816,0.32942,0.46551,0.4752,0.35607,0.4655,0.47521,0.44661,0.39986,0.46479,0.42632,0.41942,0.39016,0.38877,0.42708,0.46315,0.46742,0.4504,0.44185,0.45155,0.47755,0.40523,0.31854,0.45296,0.43729,0.33129,0.47908,0.33516,0.41158,0.47723,0.50659,0.48713,0.42578,0.4143,0.42451,0.4382,0.52147,0.44063
0.45651,0.58589,0.51729,0.42028,0.40637,0.41914,0.48989,0.52261,0.49419,0.44315,0.42909,0.52768,0.35555,0.52991,0.55417,0.48493,0.54674,0.53565,0.46462,0.43287,0.40366,0.59576,0.51136,0.48347,0.44543,0.49881,0.54357,0.48729,0.51574,0.55245,0.49933,0.56712,0.41967,0,0.44313,0.40312,0.42175,0.46654,0.34414,0.39002,0.40923,0.49018,0.42227,0.44913,0.47703,0.45857,0.50413,0.45071,0.46499,0.52253,0.45279,0.44528,0.44869,0.46155,0.47546,0.40065,0.50859,0.46043,0.48485,0.48215,0.4364,0.44166,0.4969,0.39419,0.46896,0.42408,0.46517,0.42319,0.33148,0.42279,0.36812,0.40802,0.44788,0.45484,0.30601,0.43271,0.43682,0.45755,0.29444,0.28507,0.3619,0.35553,0.40248,0.48097,0.3103,0.44459,0.50905,0.43757,0.49283,0.2812,0.42234,0.34259,0.3502,0.42136,0.26465,0.4203,0.28828,0.35587,0.27868
0.25373,0.5619,0.52592,0.55294,0.52078,0.50613,0.41531,0.50969,0.53549,0.25127,0.34351,0.53023,0.37206,0.52346,0.55896,0.29874,0.54596,0.51806,0.2012,0.52892,0.46852,0.58128,0.41051,0.4108,0.30859,0.52641,0.55013,0.35731,0.46094,0.51811,0.51913,0.57862,0.45749,0.44313,0,0.36224,0.25377,0.34983,0.47464,0.44719,0.49162,0.56979,0.3317,0.40985,0.36748,0.44689,0.44287,0.44741,0.48224,0.4067,0.34862,0.32567,0.42759,0.5133,0.44428,0.41704,0.43907,0.42134,0.42312,0.34548,0.28717,0.43187,0.3849,0.46905,0.39928,0.39945,0.44052,0.46959,0.38183,0.37397,0.40498,0.39911,0.41716,0.421,0.42728,0.42063,0.41029,0.42568,0.43088,0.42523,0.38554,0.39311,0.41389,0.32329,0.39365,0.28583,0.38685,0.41171,0.40787,0.48449,0.40053,0.45605,0.42069,0.36679,0.45747,0.40075,0.44422,0.46027,0.44636
0.33616,0.40161,0.36385,0.38468,0.53923,0.45176,0.16215,0.41734,0.37407,0.41342,0.18209,0.35057,0.29414,0.36683,0.3615,0.24277,0.34624,0.32828,0.29166,0.39313,0.36555,0.42982,0.18423,0.19105,0.30067,0.34623,0.35429,0.1646,0.23292,0.35963,0.38238,0.39461,0.32121,0.40312,0.36224,0,0.45432,0.23263,0.30625,0.27763,0.33322,0.63548,0.2149,0.2916,0.30478,0.32716,0.23395,0.33406,0.32095,0.36916,0.17942,0.24016,0.2843,0.32513,0.34416,0.20263,0.30433,0.19927,0.32943,0.20927,0.28673,0.29129,0.22055,0.34408,0.31908,0.18951,0.32772,0.36129,0.30503,0.26435,0.31277,0.31699,0.28688,0.21256,0.50479,0.28449,0.32397,0.31995,0.34958,0.39273,0.31969,0.29346,0.33715,0.28733,0.32706,0.439,0.25719,0.30678,0.28465,0.46482,0.36524,0.35174,0.33307,0.30843,0.45681,0.32685,0.3631,0.37267,0.38563
0.32569,0.5807,0.54898,0.5774,0.50019,0.53662,0.48816,0.50488,0.57639,0.26872,0.43329,0.55597,0.41308,0.54156,0.58165,0.36254,0.55998,0.5489,0.31689,0.54476,0.50683,0.60707,0.48232,0.47493,0.37633,0.56287,0.57563,0.44456,0.50847,0.5487,0.52154,0.59577,0.50227,0.42175,0.25377,0.45432,0,0.42828,0.51653,0.49675,0.54349,0.52507,0.39992,0.51968,0.44982,0.54403,0.52751,0.50825,0.53108,0.43015,0.42951,0.41596,0.47275,0.5373,0.49641,0.46746,0.53925,0.48097,0.47494,0.41073,0.34394,0.43911,0.46963,0.49138,0.46234,0.45152,0.49366,0.52203,0.41083,0.44917,0.45006,0.43217,0.45937,0.47024,0.40167,0.43783,0.46756,0.49146,0.4508,0.42811,0.45402,0.45455,0.43851,0.36679,0.44345,0.30911,0.44514,0.45776,0.46906,0.46151,0.44476,0.469,0.45897,0.44533,0.43369,0.47316,0.45223,0.5046,0.43994
0.31519,0.40272,0.38632,0.42848,0.54196,0.41043,0.21135,0.41262,0.38522,0.39979,0.2222,0.38548,0.3779,0.39836,0.37651,0.26337,0.37503,0.34731,0.28801,0.44903,0.3953,0.45243,0.19828,0.1953,0.31,0.38514,0.37658,0.17145,0.26931,0.35796,0.401,0.40903,0.30367,0.46654,0.34983,0.23263,0.42828,0,0.33267,0.29508,0.3218,0.61614,0.22682,0.30247,0.28684,0.33335,0.25106,0.32548,0.38599,0.37186,0.20008,0.23554,0.3408,0.35457,0.3136,0.27711,0.32859,0.23646,0.37054,0.23607,0.33127,0.33821,0.20144,0.3495,0.29918,0.18267,0.32807,0.35718,0.3252,0.26769,0.36759,0.32861,0.31782,0.27706,0.48837,0.36406,0.35543,0.34642,0.37499,0.43784,0.30808,0.31424,0.38168,0.30295,0.35627,0.42574,0.28035,0.37136,0.30878,0.4665,0.38837,0.39792,0.34977,0.35916,0.48088,0.38013,0.40839,0.38651,0.41903
0.42969,0.25948,0.18237,0.30325,0.54082,0.4672,0.29537,0.36506,0.23622,0.47871,0.28793,0.22905,0.33351,0.23679,0.20294,0.38605,0.22115,0.20673,0.41725,0.26947,0.24344,0.31362,0.35938,0.30189,0.3884,0.24117,0.23038,0.30652,0.38673,0.25055,0.30458,0.24756,0.41397,0.34414,0.47464,0.30625,0.51653,0.33267,0,0.18959,0.20304,0.65961,0.3962,0.30329,0.31837,0.31704,0.37383,0.30665,0.30501,0.45565,0.4057,0.40419,0.30538,0.29808,0.36642,0.36964,0.28367,0.38456,0.34913,0.41136,0.47839,0.2812,0.37206,0.25619,0.29133,0.34129,0.34755,0.30731,0.24051,0.39334,0.24467,0.30134,0.34768,0.40566,0.54371,0.26554,0.27126,0.25997,0.32579,0.37513,0.23428,0.24097,0.27219,0.44281,0.28761,0.53454,0.45652,0.2935,0.46211,0.44451,0.35144,0.28026,0.20743,0.29275,0.46324,0.23437,0.37631,0.23176,0.36445
0.40762,0.20476,0.18368,0.31264,0.57412,0.47975,0.25181,0.3533,0.25964,0.48365,0.26222,0.22704,0.3342,0.23533,0.19904,0.35788,0.23445,0.15497,0.39809,0.31505,0.30269,0.22409,0.31495,0.29764,0.39298,0.23894,0.21049,0.25241,0.33049,0.20675,0.31097,0.18716,0.44889,0.39002,0.44719,0.27763,0.49675,0.29508,0.18959,0,0.21884,0.70665,0.43112,0.2305,0.27637,0.25533,0.38364,0.24938,0.25625,0.36338,0.41967,0.41321,0.18738,0.23177,0.31699,0.38477,0.20399,0.38668,0.23954,0.39263,0.47135,0.19966,0.37615,0.23913,0.20331,0.37744,0.25776,0.28204,0.22668,0.41011,0.24387,0.24026,0.25191,0.3942,0.59796,0.19569,0.2179,0.20123,0.36384,0.4292,0.23224,0.2605,0.23967,0.45244,0.32047,0.54623,0.45098,0.22783,0.4502,0.51146,0.30713,0.28103,0.23597,0.20788,0.51886,0.21793,0.41022,0.25923,0.41886
0.45543,0.20188,0.21573,0.30284,0.6218,0.49692,0.27166,0.38989,0.23625,0.53263,0.27329,0.18437,0.41271,0.19155,0.16525,0.40355,0.19048,0.20332,0.45231,0.31352,0.29959,0.23561,0.33556,0.31037,0.45102,0.20679,0.17795,0.30104,0.35454,0.27679,0.32722,0.22455,0.50094,0.40923,0.49162,0.33322,0.54349,0.3218,0.20304,0.21884,0,0.72372,0.43479,0.31255,0.32375,0.33345,0.40034,0.30064,0.34766,0.38446,0.43235,0.44056,0.29547,0.31971,0.41341,0.39565,0.29249,0.39961,0.34165,0.41839,0.51077,0.29455,0.41947,0.2432,0.29651,0.37636,0.37548,0.30986,0.26052,0.41369,0.30454,0.30894,0.38093,0.43755,0.6172,0.28439,0.30306,0.28501,0.37699,0.42956,0.27654,0.29766,0.31962,0.50231,0.38086,0.59109,0.48734,0.34439,0.46685,0.4862,0.3772,0.33122,0.28266,0.32362,0.50031,0.29858,0.40328,0.30783,0.41151
0.55384,0.71874,0.68432,0.63552,0.22033,0.5407,0.65689,0.67658,0.6646,0.47004,0.60757,0.68933,0.60724,0.67657,0.69442,0.59475,0.68514,0.68682,0.54711,0.62602,0.58798,0.73263,0.64803,0.63477,0.50928,0.68363,0.6976,0.64208,0.6706,0.66759,0.67098,0.71478,0.56529,0.49018,0.56979,0.63548,0.52507,0.61614,0.65961,0.70665,0.72372,0,0.61423,0.70381,0.61704,0.73022,0.67727,0.63101,0.70657,0.65929,0.62783,0.60576,0.68736,0.69636,0.67846,0.64766,0.66406,0.67181,0.68675,0.65463,0.62999,0.65648,0.64117,0.67229,0.6266,0.64762,0.71847,0.64138,0.62659,0.60417,0.63331,0.63837,0.6593,0.6983,0.48191,0.65317,0.65968,0.66239,0.62997,0.56264,0.62741,0.64103,0.65015,0.58236,0.60779,0.61094,0.64638,0.67512,0.65588,0.52579,0.67414,0.66148,0.64185,0.64705,0.54077,0.65474,0.60521,0.66314,0.57341
0.30724,0.45261,0.40666,0.40009,0.59515,0.52658,0.24709,0.45454,0.39592,0.40227,0.21618,0.3829,0.33109,0.39652,0.39834,0.26208,0.38905,0.37671,0.27819,0.44812,0.3844,0.4586,0.23472,0.22272,0.30609,0.38686,0.40526,0.21785,0.27741,0.40106,0.39348,0.4387,0.38085,0.42227,0.3317,0.2149,0.39992,0.22682,0.3962,0.43112,0.43479,0.61423,0,0.30118,0.26987,0.33903,0.26578,0.31167,0.3704,0.32688,0.20108,0.22443,0.32131,0.40354,0.39816,0.25517,0.26215,0.25482,0.32125,0.22692,0.26176,0.3075,0.23251,0.38778,0.28918,0.21775,0.31858,0.36884,0.35472,0.28392,0.32784,0.35524,0.2875,0.29448,0.4917,0.31872,0.31439,0.33857,0.39621,0.42145,0.36656,0.36236,0.33332,0.31178,0.3784,0.42255,0.30956,0.30909,0.33044,0.50609,0.38625,0.42327,0.36147,0.34374,0.49226,0.3296,0.40037,0.40062,0.42441
0.4007,0.24161,0.28685,0.39733,0.64271,0.53157,0.29767,0.40528,0.31743,0.49395,0.30436,0.33045,0.3936,0.32614,0.28877,0.35459,0.28194,0.23677,0.39124,0.40035,0.38877,0.30242,0.31636,0.29905,0.43141,0.31928,0.2852,0.27316,0.36608,0.23519,0.35674,0.25087,0.47864,0.44913,0.40985,0.2916,0.51968,0.30247,0.30329,0.2305,0.31255,0.70381,0.30118,0,0.26799,0.18458,0.42795,0.26868,0.27313,0.34687,0.41892,0.42848,0.22537,0.2628,0.24061,0.44588,0.21232,0.43506,0.23398,0.43433,0.48475,0.21331,0.41031,0.30141,0.22528,0.42572,0.21365,0.32814,0.29208,0.44533,0.27714,0.30638,0.23274,0.45051,0.58396,0.24055,0.21255,0.22844,0.39249,0.48101,0.28357,0.29329,0.25862,0.47134,0.37659,0.56213,0.46348,0.20627,0.47615,0.57958,0.28748,0.29986,0.30474,0.23687,0.57287,0.22937,0.46322,0.30177,0.46664
0.39768,0.30417,0.31848,0.42312,0.58343,0.51108,0.26503,0.38652,0.33865,0.45768,0.27238,0.33427,0.37805,0.32744,0.29997,0.34828,0.31068,0.25598,0.34936,0.39726,0.3625,0.32642,0.29621,0.33061,0.39441,0.32373,0.29507,0.2405,0.3234,0.26773,0.37292,0.315,0.49835,0.47703,0.36748,0.30478,0.44982,0.28684,0.31837,0.27637,0.32375,0.61704,0.26987,0.26799,0,0.30396,0.36415,0.23209,0.35325,0.32674,0.37665,0.39472,0.29064,0.31503,0.3056,0.39584,0.26236,0.39675,0.29971,0.36641,0.46068,0.27093,0.35253,0.31352,0.25632,0.39677,0.32693,0.31854,0.29712,0.3987,0.29806,0.28057,0.33051,0.37788,0.59231,0.2744,0.28664,0.28451,0.40039,0.45431,0.33309,0.30059,0.30252,0.43862,0.38222,0.49995,0.39236,0.2756,0.41909,0.55539,0.32069,0.34324,0.35486,0.27272,0.54927,0.2817,0.44521,0.32905,0.44463
0.44072,0.28223,0.30109,0.38109,0.63537,0.53799,0.29926,0.43268,0.32379,0.50801,0.31375,0.34649,0.40272,0.35859,0.28878,0.40769,0.3177,0.23933,0.41797,0.40551,0.40197,0.31265,0.34779,0.33282,0.44653,0.31935,0.31166,0.30883,0.36836,0.27612,0.35352,0.2556,0.51593,0.45857,0.44689,0.32716,0.54403,0.33335,0.31704,0.25533,0.33345,0.73022,0.33903,0.18458,0.30396,0,0.4033,0.25709,0.27865,0.35382,0.43012,0.43293,0.24766,0.25568,0.24626,0.44694,0.21761,0.42396,0.2532,0.45483,0.49835,0.24411,0.40655,0.28388,0.21625,0.41941,0.22115,0.31285,0.33346,0.44582,0.26817,0.28958,0.27447,0.45467,0.59918,0.25616,0.23958,0.2281,0.4048,0.50003,0.2997,0.31808,0.28047,0.51389,0.40311,0.56563,0.52764,0.23274,0.49851,0.58193,0.30542,0.30963,0.3069,0.26509,0.56541,0.23377,0.4919,0.28675,0.5103
0.44108,0.41895,0.39483,0.4309,0.6203,0.48805,0.2211,0.43509,0.41518,0.49737,0.27563,0.38366,0.40117,0.42295,0.37148,0.34781,0.39967,0.34303,0.37647,0.43724,0.39253,0.45912,0.23379,0.27206,0.41371,0.36638,0.37404,0.24928,0.25501,0.38695,0.40759,0.40014,0.37243,0.50413,0.44287,0.23395,0.52751,0.25106,0.37383,0.38364,0.40034,0.67727,0.26578,0.42795,0.36415,0.4033,0,0.33176,0.35429,0.3567,0.29005,0.29837,0.32196,0.32821,0.39093,0.24231,0.24282,0.2347,0.41087,0.26541,0.38598,0.30073,0.23578,0.36511,0.31094,0.26346,0.38001,0.35055,0.38401,0.3196,0.36371,0.32116,0.36946,0.24728,0.56223,0.32896,0.35141,0.33293,0.41504,0.44231,0.37944,0.37415,0.41015,0.38373,0.41871,0.51223,0.3566,0.37073,0.33592,0.50247,0.40798,0.41842,0.42628,0.34797,0.49591,0.36322,0.4244,0.41253,0.42305
0.45545,0.27333,0.29227,0.40213,0.61649,0.56051,0.31331,0.41851,0.31241,0.51513,0.33382,0.30836,0.44228,0.30836,0.26302,0.3718,0.28772,0.25966,0.41474,0.368,0.36604,0.28113,0.30376,0.37432,0.42574,0.31139,0.27732,0.28378,0.34559,0.27738,0.37104,0.25009,0.50608,0.45071,0.44741,0.33406,0.50825,0.32548,0.30665,0.24938,0.30064,0.63101,0.31167,0.26868,0.23209,0.25709,0.33176,0,0.28554,0.32983,0.44804,0.45749,0.2697,0.28624,0.30321,0.44643,0.249,0.45634,0.29282,0.42292,0.52223,0.26306,0.413,0.27609,0.24316,0.43093,0.28753,0.32229,0.29535,0.44716,0.2837,0.28385,0.28905,0.4486,0.60869,0.25747,0.25575,0.26557,0.36465,0.45882,0.31587,0.30644,0.28407,0.49252,0.36054,0.55527,0.45648,0.2695,0.47253,0.54064,0.3386,0.33979,0.31711,0.27736,0.52572,0.2703,0.4315,0.34225,0.42863
0.48711,0.30451,0.33082,0.37917,0.6261,0.55035,0.3403,0.39349,0.36025,0.50841,0.34984,0.34424,0.39761,0.36801,0.31481,0.40136,0.3471,0.25172,0.47364,0.35176,0.38825,0.30635,0.36227,0.38224,0.43856,0.316,0.3472,0.34677,0.41119,0.30669,0.34356,0.2792,0.46961,0.46499,0.48224,0.32095,0.53108,0.38599,0.30501,0.25625,0.34766,0.70657,0.3704,0.27313,0.35325,0.27865,0.35429,0.28554,0,0.36175,0.506,0.50981,0.26028,0.26112,0.33297,0.44149,0.29527,0.45058,0.33172,0.46898,0.53204,0.25567,0.47436,0.32356,0.30442,0.4658,0.28044,0.40472,0.36499,0.49357,0.31507,0.3016,0.26786,0.47529,0.62855,0.25989,0.28165,0.29,0.39944,0.5344,0.34602,0.33991,0.29722,0.52768,0.40485,0.59506,0.53766,0.28789,0.49657,0.59211,0.32662,0.36076,0.34295,0.26796,0.58479,0.28355,0.48608,0.33569,0.48689
0.43252,0.3767,0.44538,0.47867,0.63768,0.53862,0.32454,0.49427,0.46547,0.43956,0.38974,0.44677,0.47722,0.44062,0.40657,0.38377,0.4075,0.36426,0.37676,0.49193,0.47863,0.37977,0.31679,0.35789,0.44285,0.43315,0.39563,0.34108,0.34601,0.41249,0.47118,0.39748,0.49113,0.52253,0.4067,0.36916,0.43015,0.37186,0.45565,0.36338,0.38446,0.65929,0.32688,0.34687,0.32674,0.35382,0.3567,0.32983,0.36175,0,0.50511,0.47421,0.33826,0.34723,0.34406,0.45945,0.33807,0.48122,0.37683,0.45089,0.52661,0.31579,0.47085,0.37015,0.3377,0.49239,0.32055,0.3542,0.39731,0.50439,0.40248,0.34773,0.30865,0.48702,0.65672,0.32015,0.34895,0.34832,0.4868,0.55788,0.40418,0.44028,0.36634,0.47981,0.49012,0.61402,0.47504,0.37596,0.46138,0.58475,0.38284,0.43704,0.44425,0.35813,0.62486,0.34527,0.52825,0.45789,0.53842
0.30063,0.43083,0.41236,0.41787,0.58605,0.48728,0.21619,0.42265,0.40803,0.40815,0.20479,0.39869,0.35973,0.40954,0.41471,0.23942,0.37372,0.37515,0.28248,0.43656,0.39336,0.46917,0.19572,0.21243,0.30269,0.38942,0.40696,0.17965,0.24524,0.38562,0.40835,0.43341,0.34605,0.45279,0.34862,0.17942,0.42951,0.20008,0.4057,0.41967,0.43235,0.62783,0.20108,0.41892,0.37665,0.43012,0.29005,0.44804,0.506,0.50511,0,0.20672,0.31656,0.37467,0.28482,0.26049,0.26092,0.22298,0.31787,0.22765,0.26077,0.28569,0.20921,0.35829,0.31015,0.20429,0.3355,0.38051,0.33073,0.2612,0.33749,0.32158,0.29588,0.24409,0.48763,0.29499,0.31482,0.32362,0.36548,0.41214,0.32279,0.30863,0.31997,0.29336,0.36287,0.42628,0.25377,0.30465,0.30347,0.4743,0.37807,0.40205,0.34662,0.29084,0.47282,0.32302,0.39401,0.38283,0.41304
0.28375,0.44225,0.41694,0.40131,0.57799,0.49053,0.25976,0.43228,0.39906,0.38453,0.23277,0.38636,0.38859,0.42509,0.41033,0.22889,0.39792,0.38285,0.26505,0.45529,0.3835,0.47066,0.24507,0.25596,0.32531,0.38125,0.41725,0.23259,0.2738,0.40567,0.39315,0.45072,0.36742,0.44528,0.32567,0.24016,0.41596,0.23554,0.40419,0.41321,0.44056,0.60576,0.22443,0.42848,0.39472,0.43293,0.29837,0.45749,0.50981,0.47421,0.20672,0,0.3212,0.37128,0.32215,0.25168,0.2883,0.24029,0.3193,0.21414,0.2897,0.28172,0.21907,0.32642,0.25638,0.23056,0.32168,0.31874,0.32727,0.25247,0.36097,0.30009,0.30314,0.26971,0.48849,0.2898,0.3313,0.32755,0.36366,0.39426,0.31836,0.32995,0.35904,0.26227,0.36802,0.41534,0.29254,0.33507,0.28873,0.46086,0.38164,0.40483,0.34413,0.31331,0.45466,0.31743,0.39119,0.39401,0.39684
0.42011,0.24138,0.28169,0.36043,0.60815,0.51122,0.29716,0.34186,0.3479,0.51042,0.33239,0.30725,0.37778,0.32107,0.29271,0.35583,0.2786,0.22266,0.39834,0.33546,0.35473,0.25226,0.30236,0.32692,0.41,0.30672,0.27818,0.2693,0.32146,0.25163,0.32283,0.21486,0.45943,0.44869,0.42759,0.2843,0.47275,0.3408,0.30538,0.18738,0.29547,0.68736,0.32131,0.22537,0.29064,0.24766,0.32196,0.2697,0.26028,0.33826,0.31656,0.3212,0,0.22285,0.28357,0.44463,0.2515,0.41852,0.25983,0.4172,0.48647,0.20242,0.42222,0.27952,0.23684,0.43337,0.25292,0.32165,0.2662,0.46379,0.2743,0.27929,0.243,0.43053,0.62098,0.20563,0.22088,0.22458,0.37304,0.45959,0.2751,0.29071,0.24529,0.47608,0.36577,0.57994,0.46393,0.2282,0.46328,0.54222,0.29178,0.30286,0.27388,0.21717,0.55646,0.24815,0.43808,0.30327,0.41711
0.51348,0.26119,0.29022,0.39797,0.63071,0.53183,0.29915,0.41144,0.36707,0.53528,0.35143,0.34602,0.43162,0.34019,0.28426,0.4212,0.3036,0.19987,0.47418,0.37274,0.39771,0.27808,0.33168,0.34599,0.46522,0.29049,0.2914,0.32821,0.33347,0.29306,0.39736,0.24684,0.48321,0.46155,0.5133,0.32513,0.5373,0.35457,0.29808,0.23177,0.31971,0.69636,0.40354,0.2628,0.31503,0.25568,0.32821,0.28624,0.26112,0.34723,0.37467,0.37128,0.22285,0,0.30795,0.45552,0.28626,0.43953,0.34063,0.45675,0.54461,0.24764,0.44793,0.30884,0.30454,0.46053,0.30948,0.34619,0.34897,0.50974,0.33396,0.30342,0.31206,0.43519,0.65778,0.27292,0.29666,0.27276,0.44658,0.54425,0.35193,0.35631,0.32126,0.52239,0.44493,0.59628,0.52104,0.31568,0.50528,0.60084,0.36941,0.34823,0.37094,0.29824,0.58427,0.30551,0.52978,0.36515,0.48801
0.44693,0.34064,0.37472,0.45864,0.62653,0.54672,0.38699,0.44353,0.41121,0.49464,0.42403,0.41218,0.4765,0.43175,0.34257,0.40108,0.39857,0.28865,0.42196,0.48831,0.44115,0.35305,0.32979,0.37913,0.45436,0.3731,0.40047,0.35637,0.33802,0.28357,0.41008,0.32648,0.49836,0.47546,0.44428,0.34416,0.49641,0.3136,0.36642,0.31699,0.41341,0.67846,0.39816,0.24061,0.3056,0.24626,0.39093,0.30321,0.33297,0.34406,0.28482,0.32215,0.28357,0.30795,0,0.48054,0.27871,0.46415,0.2838,0.47032,0.49759,0.30651,0.43366,0.41578,0.30349,0.47915,0.25809,0.41106,0.42121,0.50977,0.3466,0.37377,0.2651,0.45468,0.61216,0.29619,0.27611,0.29978,0.48467,0.54451,0.41035,0.38855,0.33964,0.50359,0.4832,0.56357,0.4602,0.28139,0.51056,0.58345,0.32745,0.37718,0.42066,0.3099,0.5695,0.32002,0.50251,0.39142,0.53305
0.40097,0.41747,0.38207,0.36849,0.57098,0.47951,0.23902,0.45444,0.37141,0.46946,0.23629,0.34489,0.31099,0.37826,0.37348,0.31221,0.36464,0.34494,0.35888,0.39436,0.36651,0.4244,0.24829,0.24298,0.38039,0.34767,0.35414,0.24378,0.25295,0.4115,0.38263,0.4141,0.35132,0.40065,0.41704,0.20263,0.46746,0.27711,0.36964,0.38477,0.39565,0.64766,0.25517,0.44588,0.39584,0.44694,0.24231,0.44643,0.44149,0.45945,0.26049,0.25168,0.44463,0.45552,0.48054,0,0.29961,0.23662,0.39813,0.24795,0.33707,0.29257,0.27263,0.31479,0.30695,0.24807,0.36227,0.32389,0.27618,0.29167,0.30713,0.256,0.35762,0.23765,0.52984,0.25278,0.33555,0.30538,0.39387,0.38257,0.28885,0.31498,0.3319,0.32976,0.3352,0.48472,0.3325,0.34295,0.27346,0.47693,0.36594,0.38521,0.30781,0.27916,0.47721,0.29187,0.40913,0.33692,0.42147
0.44327,0.24773,0.2826,0.39506,0.63437,0.53326,0.28216,0.44592,0.2914,0.51839,0.33887,0.29368,0.42287,0.3257,0.24836,0.39123,0.28024,0.2064,0.41156,0.39247,0.3803,0.30426,0.29217,0.32851,0.42712,0.29228,0.26675,0.26581,0.30766,0.22573,0.40236,0.2326,0.47964,0.50859,0.43907,0.30433,0.53925,0.32859,0.28367,0.20399,0.29249,0.66406,0.26215,0.21232,0.26236,0.21761,0.24282,0.249,0.29527,0.33807,0.26092,0.2883,0.2515,0.28626,0.27871,0.29961,0,0.41457,0.279,0.42037,0.48752,0.22719,0.38279,0.31625,0.2333,0.40508,0.28568,0.33573,0.31985,0.43805,0.28799,0.27089,0.27441,0.42091,0.62452,0.24959,0.25599,0.23154,0.40519,0.47569,0.30197,0.29411,0.29256,0.49603,0.38244,0.59611,0.46966,0.24393,0.48956,0.56999,0.33346,0.34705,0.30496,0.26005,0.57118,0.25386,0.48004,0.31861,0.46704
0.40289,0.42767,0.37407,0.38812,0.62618,0.49895,0.20365,0.405,0.40457,0.48023,0.26392,0.36443,0.37239,0.38861,0.37818,0.31003,0.36727,0.35056,0.37992,0.40302,0.38408,0.43734,0.2147,0.25372,0.38836,0.35571,0.37818,0.21591,0.23191,0.41067,0.39282,0.39001,0.34494,0.46043,0.42134,0.19927,0.48097,0.23646,0.38456,0.38668,0.39961,0.67181,0.25482,0.43506,0.39675,0.42396,0.2347,0.45634,0.45058,0.48122,0.22298,0.24029,0.41852,0.43953,0.46415,0.23662,0.41457,0,0.39104,0.23743,0.38445,0.29447,0.26223,0.3466,0.31992,0.22795,0.37995,0.36856,0.34018,0.3136,0.3688,0.31344,0.35899,0.21328,0.55007,0.31349,0.36577,0.35681,0.39687,0.43601,0.36145,0.36987,0.39059,0.36616,0.39169,0.50003,0.33206,0.37796,0.30424,0.52239,0.41122,0.41823,0.39103,0.33091,0.48725,0.38109,0.41949,0.41235,0.41449
0.40199,0.25833,0.32724,0.39411,0.62832,0.51872,0.31169,0.35556,0.37095,0.4822,0.33026,0.33454,0.42206,0.34296,0.33362,0.3837,0.34182,0.27412,0.40387,0.40728,0.40952,0.2862,0.32717,0.34315,0.38568,0.3534,0.31536,0.3019,0.38727,0.26125,0.34793,0.28843,0.47442,0.48485,0.42312,0.32943,0.47494,0.37054,0.34913,0.23954,0.34165,0.68675,0.32125,0.23398,0.29971,0.2532,0.41087,0.29282,0.33172,0.37683,0.31787,0.3193,0.25983,0.34063,0.2838,0.39813,0.279,0.39104,0,0.43742,0.48769,0.26018,0.45473,0.33065,0.24667,0.45636,0.23646,0.36284,0.30486,0.43145,0.31912,0.31235,0.23199,0.46769,0.62996,0.27073,0.2556,0.26219,0.4097,0.51441,0.32913,0.32903,0.29256,0.49475,0.40664,0.58087,0.4782,0.23516,0.50507,0.59001,0.33218,0.34652,0.28855,0.26326,0.60471,0.28059,0.46342,0.34033,0.48188
0.3533,0.4296,0.4091,0.44111,0.5981,0.45714,0.21984,0.43887,0.42719,0.42913,0.24329,0.40105,0.34952,0.39264,0.4041,0.23606,0.39404,0.36786,0.30133,0.46423,0.43821,0.45201,0.19379,0.25712,0.36563,0.39792,0.39235,0.21994,0.22656,0.4148,0.4296,0.41416,0.34714,0.48215,0.34548,0.20927,0.41073,0.23607,0.41136,0.39263,0.41839,0.65463,0.22692,0.43433,0.36641,0.45483,0.26541,0.42292,0.46898,0.45089,0.22765,0.21414,0.4172,0.45675,0.47032,0.24795,0.42037,0.23743,0.43742,0,0.29396,0.32082,0.24342,0.38971,0.29308,0.24424,0.35482,0.37446,0.32865,0.28941,0.35117,0.32358,0.3167,0.22592,0.54488,0.31642,0.35477,0.3392,0.42331,0.46746,0.36004,0.36757,0.40325,0.2824,0.38653,0.45394,0.2821,0.35985,0.26747,0.5344,0.4187,0.44206,0.38233,0.32848,0.51937,0.3558,0.44309,0.444,0.44608
0.2792,0.48628,0.47601,0.52745,0.59676,0.54376,0.35155,0.49335,0.47491,0.3724,0.29794,0.46929,0.33716,0.46189,0.49493,0.28233,0.46504,0.46405,0.28585,0.48537,0.43133,0.53382,0.34713,0.34947,0.33474,0.47348,0.50028,0.27363,0.37923,0.46237,0.47292,0.50616,0.40703,0.4364,0.28717,0.28673,0.34394,0.33127,0.47839,0.47135,0.51077,0.62999,0.26176,0.48475,0.46068,0.49835,0.38598,0.52223,0.53204,0.52661,0.26077,0.2897,0.48647,0.54461,0.49759,0.33707,0.48752,0.38445,0.48769,0.29396,0,0.36496,0.33102,0.43133,0.38123,0.32361,0.36927,0.46278,0.39042,0.36567,0.37588,0.35886,0.31908,0.32075,0.44417,0.3548,0.39888,0.41144,0.42321,0.39787,0.38,0.38638,0.39087,0.31419,0.37335,0.37073,0.33038,0.37588,0.36019,0.49458,0.40458,0.44292,0.37074,0.33863,0.48753,0.39187,0.43857,0.42888,0.47363
0.39729,0.24608,0.25742,0.36325,0.60468,0.4866,0.26113,0.35335,0.31264,0.4616,0.28298,0.28814,0.35473,0.30321,0.25306,0.34326,0.24391,0.22239,0.38961,0.32666,0.32419,0.27391,0.31777,0.31647,0.39064,0.30013,0.23142,0.26433,0.33217,0.25389,0.32106,0.212,0.43816,0.44166,0.43187,0.29129,0.43911,0.33821,0.2812,0.19966,0.29455,0.65648,0.3075,0.21331,0.27093,0.24411,0.30073,0.26306,0.25567,0.31579,0.28569,0.28172,0.20242,0.24764,0.30651,0.29257,0.22719,0.29447,0.26018,0.32082,0.36496,0,0.4083,0.24666,0.24022,0.41452,0.26162,0.29694,0.2734,0.44447,0.24279,0.23939,0.2282,0.41405,0.58148,0.17997,0.20717,0.20118,0.36359,0.42815,0.25459,0.27078,0.22724,0.45444,0.33755,0.55402,0.44778,0.21184,0.44137,0.51845,0.26544,0.28661,0.28652,0.19466,0.52257,0.19671,0.41783,0.27224,0.42085
0.36743,0.40662,0.38478,0.43446,0.5868,0.4094,0.20907,0.42428,0.4033,0.42953,0.21948,0.38928,0.38103,0.41572,0.37797,0.28476,0.3947,0.33462,0.30456,0.44872,0.39741,0.45542,0.21196,0.23818,0.33983,0.3747,0.38819,0.18541,0.26288,0.35652,0.39596,0.41319,0.32942,0.4969,0.3849,0.22055,0.46963,0.20144,0.37206,0.37615,0.41947,0.64117,0.23251,0.41031,0.35253,0.40655,0.23578,0.413,0.47436,0.47085,0.20921,0.21907,0.42222,0.44793,0.43366,0.27263,0.38279,0.26223,0.45473,0.24342,0.33102,0.4083,0,0.34361,0.2789,0.24262,0.33794,0.34432,0.37615,0.2861,0.36683,0.3067,0.29266,0.26456,0.52775,0.33988,0.35878,0.34456,0.38351,0.47593,0.35107,0.33808,0.39241,0.3266,0.38405,0.46271,0.30589,0.34658,0.32032,0.49151,0.37303,0.38642,0.36844,0.34631,0.49157,0.3546,0.41767,0.40143,0.41633
0.43536,0.26214,0.26163,0.3087,0.6035,0.53297,0.32161,0.36955,0.24907,0.5152,0.3068,0.25555,0.37827,0.27197,0.2328,0.38671,0.23125,0.21412,0.44249,0.31182,0.30487,0.27819,0.37257,0.37371,0.46168,0.24616,0.2124,0.3344,0.3523,0.32784,0.30572,0.21084,0.46551,0.39419,0.46905,0.34408,0.49138,0.3495,0.25619,0.23913,0.2432,0.67229,0.38778,0.30141,0.31352,0.28388,0.36511,0.27609,0.32356,0.37015,0.35829,0.32642,0.27952,0.30884,0.41578,0.31479,0.31625,0.3466,0.33065,0.38971,0.43133,0.24666,0.34361,0,0.2845,0.39858,0.32383,0.32403,0.27688,0.44463,0.27564,0.27771,0.33939,0.44116,0.57927,0.24038,0.27101,0.24737,0.33769,0.40566,0.24979,0.28487,0.27957,0.50761,0.34469,0.56647,0.50741,0.2929,0.4878,0.48367,0.31159,0.29377,0.28183,0.27871,0.47564,0.26811,0.38164,0.27279,0.38676
0.38291,0.25356,0.27379,0.3675,0.58616,0.47501,0.28979,0.34665,0.28931,0.4542,0.22991,0.30056,0.37254,0.29939,0.26127,0.35987,0.29622,0.2371,0.3508,0.36483,0.33414,0.27384,0.3109,0.35132,0.37746,0.29483,0.27064,0.23159,0.34646,0.26703,0.31458,0.22934,0.4752,0.46896,0.39928,0.31908,0.46234,0.29918,0.29133,0.20331,0.29651,0.6266,0.28918,0.22528,0.25632,0.21625,0.31094,0.24316,0.30442,0.3377,0.31015,0.25638,0.23684,0.30454,0.30349,0.30695,0.2333,0.31992,0.24667,0.29308,0.38123,0.24022,0.2789,0.2845,0,0.39589,0.25919,0.28858,0.25763,0.41573,0.23604,0.22291,0.2402,0.42,0.58528,0.21547,0.19924,0.19405,0.36434,0.44677,0.25272,0.27384,0.24125,0.46468,0.33775,0.54616,0.47343,0.21465,0.46567,0.53715,0.26418,0.28795,0.25845,0.21774,0.53686,0.20058,0.41791,0.27415,0.40422
0.36548,0.40419,0.34377,0.34267,0.59274,0.49694,0.18819,0.40762,0.36368,0.44625,0.19889,0.3369,0.34128,0.34544,0.34082,0.28848,0.33919,0.31846,0.33808,0.3808,0.35329,0.4265,0.21918,0.20574,0.35203,0.32563,0.35092,0.17885,0.24584,0.38747,0.3577,0.37883,0.35607,0.42408,0.39945,0.18951,0.45152,0.18267,0.34129,0.37744,0.37636,0.64762,0.21775,0.42572,0.39677,0.41941,0.26346,0.43093,0.4658,0.49239,0.20429,0.23056,0.43337,0.46053,0.47915,0.24807,0.40508,0.22795,0.45636,0.24424,0.32361,0.41452,0.24262,0.39858,0.39589,0,0.33749,0.35954,0.31915,0.26164,0.33221,0.30526,0.3177,0.23575,0.51321,0.33137,0.33211,0.32241,0.33408,0.3794,0.32067,0.30952,0.3816,0.3452,0.35849,0.45899,0.33315,0.33438,0.32259,0.42835,0.38604,0.36362,0.3276,0.33832,0.43161,0.35508,0.34462,0.36704,0.36847
0.39114,0.28545,0.3468,0.44265,0.65454,0.52915,0.31178,0.43526,0.37695,0.46564,0.29302,0.39259,0.41489,0.39413,0.33318,0.36136,0.33989,0.26425,0.37834,0.41984,0.42569,0.31446,0.34011,0.31774,0.40599,0.36904,0.35702,0.31016,0.3949,0.2807,0.35548,0.30108,0.4655,0.46517,0.44052,0.32772,0.49366,0.32807,0.34755,0.25776,0.37548,0.71847,0.31858,0.21365,0.32693,0.22115,0.38001,0.28753,0.28044,0.32055,0.3355,0.32168,0.25292,0.30948,0.25809,0.36227,0.28568,0.37995,0.23646,0.35482,0.36927,0.26162,0.33794,0.32383,0.25919,0.33749,0,0.3408,0.30827,0.47787,0.27717,0.28957,0.19983,0.4761,0.5996,0.23843,0.2209,0.23041,0.39142,0.49804,0.29809,0.30702,0.22762,0.48965,0.4026,0.5567,0.48814,0.20949,0.49644,0.57911,0.27193,0.32728,0.30901,0.24103,0.57191,0.21356,0.45825,0.31517,0.48475
0.40703,0.31284,0.30814,0.41909,0.60106,0.50567,0.30134,0.40563,0.34295,0.47637,0.31895,0.30239,0.38777,0.3163,0.29704,0.39825,0.29952,0.27018,0.40432,0.37288,0.37787,0.30084,0.37089,0.33453,0.39356,0.31481,0.27515,0.33317,0.36229,0.33763,0.37356,0.2902,0.47521,0.42319,0.46959,0.36129,0.52203,0.35718,0.30731,0.28204,0.30986,0.64138,0.36884,0.32814,0.31854,0.31285,0.35055,0.32229,0.40472,0.3542,0.38051,0.31874,0.32165,0.34619,0.41106,0.32389,0.33573,0.36856,0.36284,0.37446,0.46278,0.29694,0.34432,0.32403,0.28858,0.35954,0.3408,0,0.37035,0.4465,0.40703,0.37618,0.40496,0.48421,0.63784,0.35811,0.38221,0.33374,0.45715,0.48533,0.38426,0.39466,0.37257,0.49577,0.44739,0.60657,0.50899,0.38801,0.49475,0.55298,0.40415,0.37014,0.41425,0.38251,0.55335,0.36879,0.48147,0.39469,0.47772
0.38563,0.26629,0.22198,0.25901,0.56807,0.46316,0.28887,0.30178,0.25762,0.4261,0.26683,0.22924,0.34204,0.23368,0.25,0.32722,0.23002,0.22345,0.37018,0.27361,0.24984,0.26328,0.34379,0.30012,0.39355,0.22047,0.21411,0.30815,0.34575,0.30353,0.23126,0.24803,0.44661,0.33148,0.38183,0.30503,0.41083,0.3252,0.24051,0.22668,0.26052,0.62659,0.35472,0.29208,0.29712,0.33346,0.38401,0.29535,0.36499,0.39731,0.33073,0.32727,0.2662,0.34897,0.42121,0.27618,0.31985,0.34018,0.30486,0.32865,0.39042,0.2734,0.37615,0.27688,0.25763,0.31915,0.30827,0.37035,0,0.38192,0.23152,0.25037,0.286,0.42061,0.55716,0.22114,0.26127,0.24257,0.2873,0.35911,0.2315,0.24038,0.24955,0.42807,0.28994,0.51854,0.44187,0.26804,0.43252,0.45356,0.3121,0.25734,0.21082,0.23621,0.44928,0.25645,0.33426,0.26588,0.34227
0.3397,0.44201,0.39475,0.40891,0.53862,0.48598,0.27374,0.44485,0.38474,0.43438,0.21817,0.36762,0.33518,0.37146,0.40172,0.30994,0.39108,0.3777,0.31614,0.42877,0.40888,0.44267,0.27934,0.26201,0.29261,0.35832,0.38687,0.25621,0.27955,0.43157,0.41754,0.45908,0.39986,0.42279,0.37397,0.26435,0.44917,0.26769,0.39334,0.41011,0.41369,0.60417,0.28392,0.44533,0.3987,0.44582,0.3196,0.44716,0.49357,0.50439,0.2612,0.25247,0.46379,0.50974,0.50977,0.29167,0.43805,0.3136,0.43145,0.28941,0.36567,0.44447,0.2861,0.44463,0.41573,0.26164,0.47787,0.4465,0.38192,0,0.39043,0.33758,0.39116,0.2851,0.52764,0.40718,0.40752,0.39628,0.40332,0.42458,0.36652,0.36821,0.38937,0.33192,0.38379,0.44523,0.33051,0.40677,0.34976,0.49565,0.41838,0.42456,0.37612,0.40046,0.49531,0.37821,0.43118,0.37703,0.45043
0.40515,0.27973,0.22861,0.31553,0.5652,0.51776,0.31642,0.33203,0.25905,0.44824,0.27129,0.29272,0.32409,0.29332,0.26142,0.3552,0.28626,0.26019,0.38155,0.30384,0.25838,0.32511,0.36971,0.3593,0.40608,0.29653,0.26233,0.28306,0.38354,0.29857,0.24979,0.2324,0.46479,0.36812,0.40498,0.31277,0.45006,0.36759,0.24467,0.24387,0.30454,0.63331,0.32784,0.27714,0.29806,0.26817,0.36371,0.2837,0.31507,0.40248,0.33749,0.36097,0.2743,0.33396,0.3466,0.30713,0.28799,0.3688,0.31912,0.35117,0.37588,0.24279,0.36683,0.27564,0.23604,0.33221,0.27717,0.40703,0.23152,0.39043,0,0.2385,0.2898,0.41632,0.55678,0.22787,0.23546,0.22704,0.29359,0.3635,0.22102,0.21691,0.23324,0.4528,0.27941,0.49632,0.4661,0.22157,0.46291,0.46272,0.28135,0.23852,0.23967,0.20101,0.46437,0.2053,0.34655,0.21416,0.35246
0.40703,0.30505,0.29492,0.36255,0.58031,0.49173,0.30798,0.3912,0.27759,0.45201,0.27627,0.28046,0.34228,0.32563,0.28427,0.36245,0.30521,0.23722,0.37347,0.34753,0.31669,0.32,0.32798,0.35522,0.39284,0.25555,0.26676,0.29001,0.32943,0.33021,0.33064,0.25614,0.42632,0.40802,0.39911,0.31699,0.43217,0.32861,0.30134,0.24026,0.30894,0.63837,0.35524,0.30638,0.28057,0.28958,0.32116,0.28385,0.3016,0.34773,0.32158,0.30009,0.27929,0.30342,0.37377,0.256,0.27089,0.31344,0.31235,0.32358,0.35886,0.23939,0.3067,0.27771,0.22291,0.30526,0.28957,0.37618,0.25037,0.33758,0.2385,0,0.31512,0.37294,0.593,0.25539,0.30362,0.2808,0.35851,0.40975,0.27377,0.28225,0.28522,0.45406,0.34358,0.53689,0.47273,0.31554,0.44852,0.50461,0.34283,0.32187,0.29256,0.23968,0.48243,0.25828,0.3995,0.29829,0.39513
0.39283,0.26942,0.3536,0.40748,0.63136,0.52914,0.30469,0.40138,0.37409,0.45383,0.32613,0.36107,0.41111,0.37287,0.3389,0.34798,0.32031,0.26839,0.39019,0.39851,0.38685,0.30978,0.32908,0.32469,0.37645,0.36184,0.31795,0.29576,0.34225,0.27954,0.35098,0.29769,0.41942,0.44788,0.41716,0.28688,0.45937,0.31782,0.34768,0.25191,0.38093,0.6593,0.2875,0.23274,0.33051,0.27447,0.36946,0.28905,0.26786,0.30865,0.29588,0.30314,0.243,0.31206,0.2651,0.35762,0.27441,0.35899,0.23199,0.3167,0.31908,0.2282,0.29266,0.33939,0.2402,0.3177,0.19983,0.40496,0.286,0.39116,0.2898,0.31512,0,0.4545,0.61366,0.22157,0.23064,0.24884,0.39437,0.49693,0.3034,0.32012,0.25169,0.44887,0.38281,0.57175,0.45018,0.21723,0.47806,0.57253,0.29155,0.33525,0.30593,0.2199,0.59554,0.23568,0.46038,0.33576,0.46516
0.40819,0.43716,0.41139,0.44253,0.64135,0.53058,0.21946,0.42953,0.43508,0.48026,0.26746,0.41679,0.38555,0.42489,0.42265,0.32611,0.41568,0.38116,0.3822,0.44685,0.43053,0.48722,0.23278,0.29891,0.41262,0.39579,0.41102,0.23294,0.23651,0.42304,0.43073,0.42573,0.39016,0.45484,0.421,0.21256,0.47024,0.27706,0.40566,0.3942,0.43755,0.6983,0.29448,0.45051,0.37788,0.45467,0.24728,0.4486,0.47529,0.48702,0.24409,0.26971,0.43053,0.43519,0.45468,0.23765,0.42091,0.21328,0.46769,0.22592,0.32075,0.41405,0.26456,0.44116,0.42,0.23575,0.4761,0.48421,0.42061,0.2851,0.41632,0.37294,0.4545,0,0.57292,0.31187,0.37711,0.35676,0.43179,0.44665,0.3733,0.36559,0.3866,0.39664,0.42731,0.49662,0.31676,0.38543,0.31491,0.52631,0.43422,0.43365,0.39967,0.30651,0.51285,0.35765,0.44074,0.43327,0.46023
0.43581,0.60338,0.55098,0.51275,0.44904,0.46516,0.51287,0.5584,0.51985,0.41257,0.45668,0.57621,0.39581,0.57854,0.5873,0.46436,0.55666,0.56657,0.43971,0.49493,0.47003,0.64123,0.50132,0.50024,0.45679,0.56062,0.59124,0.48479,0.53039,0.56361,0.51367,0.5784,0.38877,0.30601,0.42728,0.50479,0.40167,0.48837,0.54371,0.59796,0.6172,0.48191,0.4917,0.58396,0.59231,0.59918,0.56223,0.60869,0.62855,0.65672,0.48763,0.48849,0.62098,0.65778,0.61216,0.52984,0.62452,0.55007,0.62996,0.54488,0.44417,0.58148,0.52775,0.57927,0.58528,0.51321,0.5996,0.63784,0.55716,0.52764,0.55678,0.593,0.61366,0.57292,0,0.42044,0.4593,0.47074,0.34158,0.32481,0.42277,0.40752,0.4137,0.46105,0.37594,0.34824,0.48969,0.45123,0.47202,0.33499,0.45067,0.42238,0.44765,0.44239,0.29931,0.4512,0.36099,0.43889,0.36334
0.39281,0.23689,0.25094,0.35947,0.58698,0.47988,0.26655,0.36908,0.29579,0.43969,0.26969,0.2672,0.36251,0.29111,0.23586,0.3386,0.25851,0.23493,0.36917,0.31337,0.3185,0.25143,0.30016,0.35694,0.38403,0.2841,0.23646,0.26345,0.32192,0.27897,0.27895,0.2122,0.42708,0.43271,0.42063,0.28449,0.43783,0.36406,0.26554,0.19569,0.28439,0.65317,0.31872,0.24055,0.2744,0.25616,0.32896,0.25747,0.25989,0.32015,0.29499,0.2898,0.20563,0.27292,0.29619,0.25278,0.24959,0.31349,0.27073,0.31642,0.3548,0.17997,0.33988,0.24038,0.21547,0.33137,0.23843,0.35811,0.22114,0.40718,0.22787,0.25539,0.22157,0.31187,0.42044,0,0.22705,0.214,0.34172,0.42638,0.27262,0.25889,0.23204,0.45949,0.33625,0.56479,0.45237,0.23939,0.45595,0.49253,0.27709,0.26354,0.27209,0.22522,0.5002,0.2345,0.40874,0.28922,0.39753
0.40532,0.24131,0.27538,0.35235,0.60327,0.49682,0.31548,0.33695,0.31186,0.43883,0.30226,0.3155,0.37223,0.31053,0.25567,0.36637,0.27228,0.23591,0.36648,0.32617,0.32676,0.27598,0.35427,0.34535,0.4015,0.30599,0.27366,0.26632,0.39825,0.25088,0.2972,0.23301,0.46315,0.43682,0.41029,0.32397,0.46756,0.35543,0.27126,0.2179,0.30306,0.65968,0.31439,0.21255,0.28664,0.23958,0.35141,0.25575,0.28165,0.34895,0.31482,0.3313,0.22088,0.29666,0.27611,0.33555,0.25599,0.36577,0.2556,0.35477,0.39888,0.20717,0.35878,0.27101,0.19924,0.33211,0.2209,0.38221,0.26127,0.40752,0.23546,0.30362,0.23064,0.37711,0.4593,0.22705,0,0.17118,0.35355,0.43761,0.25864,0.2463,0.21342,0.48001,0.3333,0.54632,0.47889,0.17168,0.48267,0.5143,0.23354,0.24872,0.26748,0.18564,0.53023,0.17912,0.3958,0.25274,0.3977
0.41998,0.23538,0.24047,0.35362,0.58435,0.5089,0.27237,0.35522,0.28571,0.45291,0.28345,0.27883,0.36206,0.2903,0.22742,0.38229,0.27183,0.21486,0.38466,0.31907,0.3303,0.25822,0.3278,0.3456,0.40875,0.28865,0.25746,0.27272,0.36665,0.25451,0.32498,0.18538,0.46742,0.45755,0.42568,0.31995,0.49146,0.34642,0.25997,0.20123,0.28501,0.66239,0.33857,0.22844,0.28451,0.2281,0.33293,0.26557,0.29,0.34832,0.32362,0.32755,0.22458,0.27276,0.29978,0.30538,0.23154,0.35681,0.26219,0.3392,0.41144,0.20118,0.34456,0.24737,0.19405,0.32241,0.23041,0.33374,0.24257,0.39628,0.22704,0.2808,0.24884,0.35676,0.47074,0.214,0.17118,0,0.33045,0.41676,0.24342,0.24473,0.22662,0.48479,0.33577,0.54048,0.49049,0.21218,0.47713,0.50228,0.25347,0.25652,0.2604,0.20677,0.50357,0.18899,0.3924,0.24005,0.38755
0.42371,0.37779,0.30074,0.24576,0.52991,0.51447,0.35917,0.35683,0.2609,0.44326,0.34926,0.31277,0.33604,0.32945,0.36047,0.401,0.31711,0.35599,0.43013,0.25316,0.18805,0.38246,0.40181,0.32947,0.40877,0.32171,0.3345,0.36346,0.42494,0.42605,0.25267,0.34116,0.4504,0.29444,0.43088,0.34958,0.4508,0.37499,0.32579,0.36384,0.37699,0.62997,0.39621,0.39249,0.40039,0.4048,0.41504,0.36465,0.39944,0.4868,0.36548,0.36366,0.37304,0.44658,0.48467,0.39387,0.40519,0.39687,0.4097,0.42331,0.42321,0.36359,0.38351,0.33769,0.36434,0.33408,0.39142,0.45715,0.2873,0.40332,0.29359,0.35851,0.39437,0.43179,0.34158,0.34172,0.35355,0.33045,0,0.26116,0.21016,0.19549,0.25317,0.46019,0.19834,0.46946,0.45904,0.27098,0.45746,0.34733,0.28915,0.21331,0.24117,0.27725,0.32468,0.25585,0.21462,0.22147,0.24145
0.41165,0.44499,0.33991,0.29718,0.51198,0.48914,0.40815,0.40136,0.32889,0.42539,0.32131,0.37505,0.27569,0.36431,0.41095,0.42531,0.37291,0.41761,0.42027,0.28273,0.21685,0.45355,0.44936,0.37929,0.3789,0.3599,0.37839,0.38603,0.46144,0.47099,0.32093,0.40996,0.44185,0.28507,0.42523,0.39273,0.42811,0.43784,0.37513,0.4292,0.42956,0.56264,0.42145,0.48101,0.45431,0.50003,0.44231,0.45882,0.5344,0.55788,0.41214,0.39426,0.45959,0.54425,0.54451,0.38257,0.47569,0.43601,0.51441,0.46746,0.39787,0.42815,0.47593,0.40566,0.44677,0.3794,0.49804,0.48533,0.35911,0.42458,0.3635,0.40975,0.49693,0.44665,0.32481,0.42638,0.43761,0.41676,0.26116,0,0.26344,0.26347,0.35481,0.45977,0.2032,0.42687,0.49143,0.40228,0.4547,0.29251,0.38917,0.29157,0.2749,0.37362,0.25876,0.36061,0.19957,0.29209,0.22949
0.38138,0.2632,0.20011,0.29887,0.58786,0.48699,0.3058,0.33379,0.2113,0.44587,0.24803,0.23479,0.35351,0.24897,0.24252,0.33455,0.21141,0.2443,0.40052,0.27593,0.24339,0.30619,0.34433,0.31056,0.40243,0.23329,0.22864,0.3044,0.37349,0.30989,0.23398,0.22376,0.45155,0.3619,0.38554,0.31969,0.45402,0.30808,0.23428,0.23224,0.27654,0.62741,0.36656,0.28357,0.33309,0.2997,0.37944,0.31587,0.34602,0.40418,0.32279,0.31836,0.2751,0.35193,0.41035,0.28885,0.30197,0.36145,0.32913,0.36004,0.38,0.25459,0.35107,0.24979,0.25272,0.32067,0.29809,0.38426,0.2315,0.36652,0.22102,0.27377,0.3034,0.3733,0.42277,0.27262,0.25864,0.24342,0.21016,0.26344,0,0.22407,0.23754,0.43777,0.2622,0.51017,0.46334,0.24853,0.44299,0.44256,0.28453,0.25354,0.2093,0.20841,0.44784,0.2048,0.33823,0.22495,0.34136
0.39499,0.29708,0.23113,0.30443,0.5816,0.48816,0.31932,0.34015,0.25212,0.44547,0.283,0.27192,0.33372,0.29244,0.27676,0.34781,0.25044,0.24515,0.36752,0.26755,0.22551,0.32971,0.35488,0.32516,0.3979,0.25287,0.24908,0.29547,0.40495,0.29971,0.27125,0.26564,0.47755,0.35553,0.39311,0.29346,0.45455,0.31424,0.24097,0.2605,0.29766,0.64103,0.36236,0.29329,0.30059,0.31808,0.37415,0.30644,0.33991,0.44028,0.30863,0.32995,0.29071,0.35631,0.38855,0.31498,0.29411,0.36987,0.32903,0.36757,0.38638,0.27078,0.33808,0.28487,0.27384,0.30952,0.30702,0.39466,0.24038,0.36821,0.21691,0.28225,0.32012,0.36559,0.40752,0.25889,0.2463,0.24473,0.19549,0.26347,0.22407,0,0.239,0.47028,0.2592,0.49194,0.46122,0.23532,0.48121,0.43791,0.28033,0.25876,0.23948,0.22869,0.43784,0.239,0.33149,0.22328,0.32619
0.37869,0.27837,0.26486,0.35012,0.55099,0.46845,0.30111,0.3746,0.28999,0.41823,0.27567,0.29335,0.34751,0.32875,0.26275,0.36152,0.28618,0.25728,0.35494,0.31876,0.30977,0.30232,0.36749,0.38133,0.35582,0.29843,0.25949,0.32146,0.3974,0.29143,0.30654,0.2426,0.40523,0.40248,0.41389,0.33715,0.43851,0.38168,0.27219,0.23967,0.31962,0.65015,0.33332,0.25862,0.30252,0.28047,0.41015,0.28407,0.29722,0.36634,0.31997,0.35904,0.24529,0.32126,0.33964,0.3319,0.29256,0.39059,0.29256,0.40325,0.39087,0.22724,0.39241,0.27957,0.24125,0.3816,0.22762,0.37257,0.24955,0.38937,0.23324,0.28522,0.25169,0.3866,0.4137,0.23204,0.21342,0.22662,0.25317,0.35481,0.23754,0.239,0,0.44379,0.29933,0.52045,0.46481,0.19385,0.47766,0.48028,0.22756,0.24722,0.24692,0.17352,0.48518,0.18132,0.37429,0.24076,0.3709
0.28397,0.47778,0.45152,0.50353,0.56586,0.44674,0.31924,0.50982,0.47441,0.32542,0.30989,0.45096,0.38092,0.45476,0.47321,0.18218,0.44429,0.42913,0.26329,0.50845,0.42445,0.50904,0.29551,0.30956,0.29127,0.44839,0.4362,0.30905,0.32906,0.43477,0.47682,0.48406,0.31854,0.48097,0.32329,0.28733,0.36679,0.30295,0.44281,0.45244,0.50231,0.58236,0.31178,0.47134,0.43862,0.51389,0.38373,0.49252,0.52768,0.47981,0.29336,0.26227,0.47608,0.52239,0.50359,0.32976,0.49603,0.36616,0.49475,0.2824,0.31419,0.45444,0.3266,0.50761,0.46468,0.3452,0.48965,0.49577,0.42807,0.33192,0.4528,0.45406,0.44887,0.39664,0.46105,0.45949,0.48001,0.48479,0.46019,0.45977,0.43777,0.47028,0.44379,0,0.39426,0.38907,0.28709,0.4099,0.27739,0.51619,0.43464,0.45426,0.39343,0.36818,0.5116,0.39168,0.47903,0.4323,0.51025
0.39273,0.36196,0.2654,0.29397,0.54257,0.47279,0.35503,0.33655,0.2715,0.43516,0.30363,0.31433,0.28647,0.30697,0.33471,0.36566,0.30822,0.33156,0.37925,0.26251,0.17899,0.37642,0.39909,0.35307,0.37877,0.30638,0.30771,0.32926,0.42071,0.37145,0.25426,0.33131,0.45296,0.3103,0.39365,0.32706,0.44345,0.35627,0.28761,0.32047,0.38086,0.60779,0.3784,0.37659,0.38222,0.40311,0.41871,0.36054,0.40485,0.49012,0.36287,0.36802,0.36577,0.44493,0.4832,0.3352,0.38244,0.39169,0.40664,0.38653,0.37335,0.33755,0.38405,0.34469,0.33775,0.35849,0.4026,0.44739,0.28994,0.38379,0.27941,0.34358,0.38281,0.42731,0.37594,0.33625,0.3333,0.33577,0.19834,0.2032,0.2622,0.2592,0.29933,0.39426,0,0.44053,0.45387,0.26736,0.4449,0.35668,0.29797,0.23056,0.22277,0.24633,0.35674,0.25647,0.27171,0.20867,0.24489
0.33339,0.57738,0.528,0.55094,0.58228,0.48656,0.46731,0.54553,0.53668,0.36962,0.40184,0.54216,0.35085,0.54875,0.56155,0.37646,0.5548,0.54351,0.34398,0.52694,0.48201,0.61626,0.46859,0.45743,0.39225,0.54487,0.54066,0.41832,0.4954,0.53383,0.50674,0.56881,0.43729,0.44459,0.28583,0.439,0.30911,0.42574,0.53454,0.54623,0.59109,0.61094,0.42255,0.56213,0.49995,0.56563,0.51223,0.55527,0.59506,0.61402,0.42628,0.41534,0.57994,0.59628,0.56357,0.48472,0.59611,0.50003,0.58087,0.45394,0.37073,0.55402,0.46271,0.56647,0.54616,0.45899,0.5567,0.60657,0.51854,0.44523,0.49632,0.53689,0.57175,0.49662,0.34824,0.56479,0.54632,0.54048,0.46946,0.42687,0.51017,0.49194,0.52045,0.38907,0.44053,0,0.41254,0.41966,0.44695,0.45101,0.43831,0.47099,0.45912,0.41638,0.43985,0.45048,0.41283,0.44739,0.43341
0.34012,0.45296,0.4773,0.51218,0.63359,0.50128,0.28578,0.46654,0.49153,0.41897,0.35257,0.44371,0.46914,0.4531,0.46566,0.26945,0.43793,0.43006,0.32455,0.52285,0.46965,0.50185,0.22077,0.28659,0.3757,0.46011,0.44212,0.2622,0.27389,0.43083,0.47863,0.50333,0.33129,0.50905,0.38685,0.25719,0.44514,0.28035,0.45652,0.45098,0.48734,0.64638,0.30956,0.46348,0.39236,0.52764,0.3566,0.45648,0.53766,0.47504,0.25377,0.29254,0.46393,0.52104,0.4602,0.3325,0.46966,0.33206,0.4782,0.2821,0.33038,0.44778,0.30589,0.50741,0.47343,0.33315,0.48814,0.50899,0.44187,0.33051,0.4661,0.47273,0.45018,0.31676,0.48969,0.45237,0.47889,0.49049,0.45904,0.49143,0.46334,0.46122,0.46481,0.28709,0.45387,0.41254,0,0.4251,0.25999,0.54431,0.44317,0.479,0.46337,0.38751,0.5466,0.43065,0.50174,0.49966,0.50518
0.40099,0.26147,0.28546,0.3728,0.60122,0.50858,0.32661,0.34025,0.34079,0.48426,0.29679,0.32761,0.37012,0.34736,0.28488,0.36983,0.29645,0.26228,0.38104,0.36344,0.34337,0.29784,0.38212,0.36057,0.38497,0.34296,0.29425,0.28253,0.40867,0.25396,0.297,0.25579,0.47908,0.43757,0.41171,0.30678,0.45776,0.37136,0.2935,0.22783,0.34439,0.67512,0.30909,0.20627,0.2756,0.23274,0.37073,0.2695,0.28789,0.37596,0.30465,0.33507,0.2282,0.31568,0.28139,0.34295,0.24393,0.37796,0.23516,0.35985,0.37588,0.21184,0.34658,0.2929,0.21465,0.33438,0.20949,0.38801,0.26804,0.40677,0.22157,0.31554,0.21723,0.38543,0.45123,0.23939,0.17168,0.21218,0.27098,0.40228,0.24853,0.23532,0.19385,0.4099,0.26736,0.41966,0.4251,0,0.50223,0.5312,0.23836,0.25967,0.27953,0.19584,0.54636,0.20032,0.40173,0.25994,0.42059
0.38641,0.45448,0.45594,0.49678,0.65715,0.48956,0.29604,0.4582,0.47976,0.45555,0.33488,0.43864,0.43889,0.44292,0.45571,0.2758,0.42933,0.42526,0.35175,0.5086,0.45971,0.5105,0.28612,0.30348,0.39203,0.45808,0.42068,0.32237,0.26264,0.44414,0.44194,0.47765,0.33516,0.49283,0.40787,0.28465,0.46906,0.30878,0.46211,0.4502,0.46685,0.65588,0.33044,0.47615,0.41909,0.49851,0.33592,0.47253,0.49657,0.46138,0.30347,0.28873,0.46328,0.50528,0.51056,0.27346,0.48956,0.30424,0.50507,0.26747,0.36019,0.44137,0.32032,0.4878,0.46567,0.32259,0.49644,0.49475,0.43252,0.34976,0.46291,0.44852,0.47806,0.31491,0.47202,0.45595,0.48267,0.47713,0.45746,0.4547,0.44299,0.48121,0.47766,0.27739,0.4449,0.44695,0.25999,0.50223,0,0.52832,0.45044,0.48444,0.47539,0.38283,0.52209,0.40751,0.47738,0.4767,0.48403
0.44921,0.51296,0.45248,0.33897,0.44904,0.48483,0.4534,0.46005,0.39605,0.40763,0.42405,0.432,0.3861,0.42844,0.47958,0.46925,0.42618,0.51128,0.45563,0.30664,0.27625,0.53175,0.47622,0.42001,0.43883,0.43726,0.44511,0.46477,0.4988,0.52606,0.41384,0.4954,0.41158,0.2812,0.48449,0.46482,0.46151,0.4665,0.44451,0.51146,0.4862,0.52579,0.50609,0.57958,0.55539,0.58193,0.50247,0.54064,0.59211,0.58475,0.4743,0.46086,0.54222,0.60084,0.58345,0.47693,0.56999,0.52239,0.59001,0.5344,0.49458,0.51845,0.49151,0.48367,0.53715,0.42835,0.57911,0.55298,0.45356,0.49565,0.46272,0.50461,0.57253,0.52631,0.33499,0.49253,0.5143,0.50228,0.34733,0.29251,0.44256,0.43791,0.48028,0.51619,0.35668,0.45101,0.54431,0.5312,0.52832,0,0.43163,0.3766,0.38423,0.44627,0.19354,0.45487,0.24987,0.39542,0.22605
0.37465,0.33649,0.33572,0.36843,0.5789,0.49699,0.38029,0.36993,0.36992,0.41242,0.32208,0.37323,0.3577,0.38871,0.3468,0.4126,0.35341,0.32676,0.37109,0.38259,0.35876,0.35674,0.38351,0.37852,0.38474,0.38797,0.33035,0.35932,0.41025,0.35069,0.29515,0.30713,0.47723,0.42234,0.40053,0.36524,0.44476,0.38837,0.35144,0.30713,0.3772,0.67414,0.38625,0.28748,0.32069,0.30542,0.40798,0.3386,0.32662,0.38284,0.37807,0.38164,0.29178,0.36941,0.32745,0.36594,0.33346,0.41122,0.33218,0.4187,0.40458,0.26544,0.37303,0.31159,0.26418,0.38604,0.27193,0.40415,0.3121,0.41838,0.28135,0.34283,0.29155,0.43422,0.45067,0.27709,0.23354,0.25347,0.28915,0.38917,0.28453,0.28033,0.22756,0.43464,0.29797,0.43831,0.44317,0.23836,0.45044,0.43163,0,0.24318,0.30192,0.22176,0.5061,0.22409,0.38535,0.27072,0.40182
0.43119,0.29882,0.25855,0.27648,0.56677,0.5123,0.36504,0.33651,0.27481,0.47252,0.35814,0.30145,0.35592,0.30188,0.28834,0.41825,0.28679,0.27933,0.42658,0.2737,0.26058,0.30888,0.42475,0.36297,0.42391,0.2962,0.25526,0.36822,0.44819,0.36286,0.23262,0.29234,0.50659,0.34259,0.45605,0.35174,0.469,0.39792,0.28026,0.28103,0.33122,0.66148,0.42327,0.29986,0.34324,0.30963,0.41842,0.33979,0.36076,0.43704,0.40205,0.40483,0.30286,0.34823,0.37718,0.38521,0.34705,0.41823,0.34652,0.44206,0.44292,0.28661,0.38642,0.29377,0.28795,0.36362,0.32728,0.37014,0.25734,0.42456,0.23852,0.32187,0.33525,0.43365,0.42238,0.26354,0.24872,0.25652,0.21331,0.29157,0.25354,0.25876,0.24722,0.45426,0.23056,0.47099,0.479,0.25967,0.48444,0.3766,0.24318,0,0.27452,0.28282,0.45409,0.27339,0.3515,0.25694,0.34141
0.40995,0.2727,0.20763,0.25799,0.59352,0.47759,0.32111,0.32027,0.23448,0.48219,0.2919,0.22591,0.33722,0.2403,0.24549,0.35935,0.23549,0.25564,0.40056,0.26012,0.23737,0.28672,0.38343,0.36475,0.40796,0.23679,0.24497,0.30567,0.40215,0.30619,0.22341,0.24085,0.48713,0.3502,0.42069,0.33307,0.45897,0.34977,0.20743,0.23597,0.28266,0.64185,0.36147,0.30474,0.35486,0.3069,0.42628,0.31711,0.34295,0.44425,0.34662,0.34413,0.27388,0.37094,0.42066,0.30781,0.30496,0.39103,0.28855,0.38233,0.37074,0.28652,0.36844,0.28183,0.25845,0.3276,0.30901,0.41425,0.21082,0.37612,0.23967,0.29256,0.30593,0.39967,0.44765,0.27209,0.26748,0.2604,0.24117,0.2749,0.2093,0.23948,0.24692,0.39343,0.22277,0.45912,0.46337,0.27953,0.47539,0.38423,0.30192,0.27452,0,0.25012,0.44594,0.24959,0.349,0.23003,0.34973
0.38004,0.25755,0.26056,0.3593,0.59743,0.47858,0.30443,0.34825,0.30083,0.43368,0.27209,0.30568,0.35491,0.30984,0.26676,0.35294,0.30086,0.25052,0.38386,0.34879,0.31518,0.30814,0.33437,0.36357,0.37601,0.32409,0.2733,0.26073,0.38592,0.26744,0.31007,0.22223,0.42578,0.42136,0.36679,0.30843,0.44533,0.35916,0.29275,0.20788,0.32362,0.64705,0.34374,0.23687,0.27272,0.26509,0.34797,0.27736,0.26796,0.35813,0.29084,0.31331,0.21717,0.29824,0.3099,0.27916,0.26005,0.33091,0.26326,0.32848,0.33863,0.19466,0.34631,0.27871,0.21774,0.33832,0.24103,0.38251,0.23621,0.40046,0.20101,0.23968,0.2199,0.30651,0.44239,0.22522,0.18564,0.20677,0.27725,0.37362,0.20841,0.22869,0.17352,0.36818,0.24633,0.41638,0.38751,0.19584,0.38283,0.44627,0.22176,0.28282,0.25012,0,0.5172,0.20143,0.39635,0.25812,0.38337
0.46613,0.53389,0.44604,0.3508,0.45167,0.50153,0.44757,0.46369,0.39315,0.4162,0.40503,0.4502,0.35812,0.43427,0.49141,0.48768,0.44071,0.49654,0.45804,0.3308,0.2862,0.53282,0.4998,0.42494,0.44577,0.43751,0.45938,0.46773,0.50828,0.52493,0.40946,0.5049,0.4143,0.26465,0.45747,0.45681,0.43369,0.48088,0.46324,0.51886,0.50031,0.54077,0.49226,0.57287,0.54927,0.56541,0.49591,0.52572,0.58479,0.62486,0.47282,0.45466,0.55646,0.58427,0.5695,0.47721,0.57118,0.48725,0.60471,0.51937,0.48753,0.52257,0.49157,0.47564,0.53686,0.43161,0.57191,0.55335,0.44928,0.49531,0.46437,0.48243,0.59554,0.51285,0.29931,0.5002,0.53023,0.50357,0.32468,0.25876,0.44784,0.43784,0.48518,0.5116,0.35674,0.43985,0.5466,0.54636,0.52209,0.19354,0.5061,0.45409,0.44594,0.5172,0,0.4172,0.2219,0.36598,0.21221
0.40344,0.24161,0.23524,0.3562,0.59881,0.47786,0.2774,0.36794,0.26465,0.42714,0.24167,0.29585,0.37136,0.30841,0.23681,0.39033,0.28091,0.23858,0.38998,0.35187,0.32232,0.29662,0.34568,0.35964,0.38038,0.30051,0.26085,0.27531,0.41421,0.27183,0.29907,0.21995,0.42451,0.4203,0.40075,0.32685,0.47316,0.38013,0.23437,0.21793,0.29858,0.65474,0.3296,0.22937,0.2817,0.23377,0.36322,0.2703,0.28355,0.34527,0.32302,0.31743,0.24815,0.30551,0.32002,0.29187,0.25386,0.38109,0.28059,0.3558,0.39187,0.19671,0.3546,0.26811,0.20058,0.35508,0.21356,0.36879,0.25645,0.37821,0.2053,0.25828,0.23568,0.35765,0.4512,0.2345,0.17912,0.18899,0.25585,0.36061,0.2048,0.239,0.18132,0.39168,0.25647,0.45048,0.43065,0.20032,0.40751,0.45487,0.22409,0.27339,0.24959,0.20143,0.4172,0,0.39709,0.23744,0.40281
0.4328,0.42,0.35478,0.2619,0.51715,0.52992,0.37197,0.38497,0.31023,0.45841,0.3552,0.362,0.29722,0.36897,0.40472,0.44854,0.35663,0.4121,0.43297,0.26139,0.2013,0.43613,0.43296,0.35192,0.42971,0.35324,0.36164,0.38254,0.44701,0.45546,0.28084,0.39851,0.4382,0.28828,0.44422,0.3631,0.45223,0.40839,0.37631,0.41022,0.40328,0.60521,0.40037,0.46322,0.44521,0.4919,0.4244,0.4315,0.48608,0.52825,0.39401,0.39119,0.43808,0.52978,0.50251,0.40913,0.48004,0.41949,0.46342,0.44309,0.43857,0.41783,0.41767,0.38164,0.41791,0.34462,0.45825,0.48147,0.33426,0.43118,0.34655,0.3995,0.46038,0.44074,0.36099,0.40874,0.3958,0.3924,0.21462,0.19957,0.33823,0.33149,0.37429,0.47903,0.27171,0.41283,0.50174,0.40173,0.47738,0.24987,0.38535,0.3515,0.349,0.39635,0.2219,0.39709,0,0.24946,0.19483
0.44624,0.29462,0.22461,0.28722,0.57832,0.49895,0.36227,0.33967,0.22757,0.49734,0.30016,0.28688,0.34209,0.29537,0.25619,0.43117,0.2816,0.25444,0.44265,0.2823,0.24744,0.32862,0.41549,0.3759,0.41516,0.26528,0.24303,0.34878,0.43147,0.3269,0.23317,0.26017,0.52147,0.35587,0.46027,0.37267,0.5046,0.38651,0.23176,0.25923,0.30783,0.66314,0.40062,0.30177,0.32905,0.28675,0.41253,0.34225,0.33569,0.45789,0.38283,0.39401,0.30327,0.36515,0.39142,0.33692,0.31861,0.41235,0.34033,0.444,0.42888,0.27224,0.40143,0.27279,0.27415,0.36704,0.31517,0.39469,0.26588,0.37703,0.21416,0.29829,0.33576,0.43327,0.43889,0.28922,0.25274,0.24005,0.22147,0.29209,0.22495,0.22328,0.24076,0.4323,0.20867,0.44739,0.49966,0.25994,0.4767,0.39542,0.27072,0.25694,0.23003,0.25812,0.36598,0.23744,0.24946,0,0.33566
0.4444,0.43136,0.35973,0.23927,0.50674,0.53775,0.39791,0.36873,0.3432,0.46135,0.37974,0.36339,0.33744,0.35984,0.40249,0.45552,0.35656,0.39535,0.44365,0.23997,0.19789,0.44322,0.4479,0.37954,0.44062,0.34109,0.36264,0.40434,0.47401,0.47972,0.32184,0.39989,0.44063,0.27868,0.44636,0.38563,0.43994,0.41903,0.36445,0.41886,0.41151,0.57341,0.42441,0.46664,0.44463,0.5103,0.42305,0.42863,0.48689,0.53842,0.41304,0.39684,0.41711,0.48801,0.53305,0.42147,0.46704,0.41449,0.48188,0.44608,0.47363,0.42085,0.41633,0.38676,0.40422,0.36847,0.48475,0.47772,0.34227,0.45043,0.35246,0.39513,0.46516,0.46023,0.36334,0.39753,0.3977,0.38755,0.24145,0.22949,0.34136,0.32619,0.3709,0.51025,0.24489,0.43341,0.50518,0.42059,0.48403,0.22605,0.40182,0.34141,0.34973,0.38337,0.21221,0.40281,0.19483,0.33566,0
