0,0.29257,0.2755,0.36706,0.30619,0.26832,0.25219,0.31921,0.36347,0.32958,0.27112,0.25842,0.29062,0.30482,0.2192,0.2391,0.218,0.27008,0.26536,0.36207,0.18989,0.23686,0.23989,0.43942,0.25794,0.25726,0.28222,0.35114,0.35587,0.34195,0.28443,0.24443,0.32466,0.33437,0.32764,0.32651,0.36151,0.31216,0.31346,0.30818,0.26858,0.38368,0.24627,0.33871,0.24024,0.27626,0.38785,0.40273,0.26282,0.48117,0.41033,0.37177,0.20567,0.32607,0.22956,0.35762,0.34417,0.21971,0.45961,0.27106,0.25331,0.2846,0.32816,0.46931,0.33231,0.34884,0.2884,0.28997,0.24182,0.29118,0.33432,0.35381,0.33924,0.41273,0.2511,0.40171,0.19999,0.28472,0.29481,0.2891,0.42846,0.45374,0.30161,0.3871,0.45304,0.21173,0.34794,0.30208,0.25859,0.25741,0.40144,0.31057,0.23929,0.27986,0.33219,0.29313,0.27553,0.24435,0.40119,0.42449,0.3518,0.39694,0.2398,0.23792,0.39721,0.3383,0.41727,0.41826
0.29257,0,0.20743,0.30366,0.2306,0.18446,0.24178,0.2625,0.32534,0.31327,0.32088,0.15343,0.20536,0.29324,0.2687,0.2524,0.21413,0.19675,0.19965,0.27093,0.27453,0.25794,0.25311,0.53681,0.22605,0.22346,0.28109,0.29557,0.34064,0.27104,0.31421,0.26684,0.29327,0.46665,0.25987,0.24625,0.26761,0.21202,0.28753,0.20477,0.22841,0.3585,0.21778,0.33033,0.24449,0.23944,0.36502,0.38637,0.24678,0.42777,0.40212,0.32482,0.24252,0.29334,0.21774,0.3416,0.30423,0.2485,0.40183,0.25297,0.23988,0.2698,0.29843,0.51666,0.32402,0.27675,0.27275,0.24448,0.26511,0.22888,0.28938,0.29751,0.31026,0.39766,0.2562,0.29449,0.23983,0.23134,0.24632,0.27571,0.42943,0.43861,0.21949,0.3586,0.40871,0.26127,0.30373,0.28687,0.2471,0.23204,0.37914,0.25877,0.24373,0.22904,0.34256,0.25726,0.26375,0.21767,0.40926,0.37994,0.29944,0.35575,0.23008,0.22631,0.37973,0.2768,0.39323,0.28074
0.2755,0.20743,0,0.27672,0.22063,0.12934,0.2279,0.28288,0.28978,0.33398,0.31667,0.15597,0.14697,0.26471,0.25774,0.25094,0.17694,0.15385,0.16933,0.22749,0.26227,0.23664,0.22519,0.47083,0.20965,0.18756,0.24439,0.27611,0.30494,0.25152,0.30852,0.2341,0.3223,0.40617,0.25816,0.22172,0.22706,0.173,0.2093,0.20947,0.19738,0.3701,0.17442,0.30198,0.21076,0.18455,0.35316,0.39221,0.19835,0.46615,0.39451,0.34764,0.21076,0.27061,0.19658,0.33617,0.2971,0.21309,0.40283,0.2434,0.21756,0.22678,0.28581,0.51577,0.27869,0.3023,0.21447,0.25933,0.24472,0.23036,0.25775,0.3244,0.31383,0.39404,0.22772,0.29003,0.22212,0.21564,0.20582,0.27919,0.4003,0.44445,0.22396,0.34797,0.37941,0.23147,0.29183,0.23684,0.21571,0.22215,0.37302,0.2353,0.20527,0.19339,0.27589,0.23249,0.23403,0.19386,0.40277,0.41156,0.32087,0.35452,0.21128,0.21005,0.37905,0.26455,0.39147,0.30636
0.36706,0.30366,0.27672,0,0.28169,0.25884,0.27487,0.28744,0.35148,0.3236,0.32561,0.27373,0.22917,0.2948,0.28417,0.29048,0.28046,0.25515,0.32471,0.34292,0.31877,0.27539,0.26894,0.47698,0.21976,0.23465,0.27618,0.23329,0.33144,0.29446,0.32133,0.25541,0.25637,0.44751,0.21627,0.34783,0.3152,0.23611,0.26345,0.26437,0.24426,0.32917,0.34715,0.26071,0.21818,0.29151,0.40066,0.38863,0.33298,0.40507,0.39726,0.38817,0.30805,0.2629,0.29446,0.32479,0.25091,0.31302,0.39032,0.25991,0.3137,0.28864,0.32962,0.4651,0.34926,0.31168,0.29445,0.25934,0.36324,0.22658,0.35071,0.31949,0.35376,0.38421,0.30229,0.32909,0.28331,0.21957,0.22452,0.27595,0.36727,0.38452,0.2543,0.35288,0.32666,0.30924,0.27745,0.30025,0.23031,0.27646,0.38837,0.29525,0.26608,0.27575,0.29957,0.28712,0.2307,0.26182,0.40438,0.35174,0.33453,0.31837,0.28287,0.33705,0.37706,0.25542,0.3762,0.26878
0.30619,0.2306,0.22063,0.28169,0,0.2515,0.283,0.33498,0.3742,0.39818,0.36466,0.24721,0.26152,0.33692,0.28733,0.29631,0.25378,0.27336,0.24603,0.31279,0.2965,0.29661,0.30299,0.52499,0.28544,0.27684,0.28179,0.37582,0.36306,0.18307,0.34377,0.28759,0.36673,0.40439,0.33161,0.33362,0.28897,0.28046,0.31466,0.2859,0.22488,0.42803,0.26652,0.26971,0.27526,0.26598,0.39852,0.32121,0.28095,0.42997,0.33031,0.34778,0.26358,0.25105,0.24918,0.31986,0.33571,0.27212,0.34059,0.27669,0.24435,0.27362,0.27487,0.41718,0.30218,0.35439,0.27129,0.31954,0.29142,0.29713,0.32755,0.29269,0.34949,0.27355,0.28764,0.28571,0.26998,0.28978,0.27755,0.32064,0.41892,0.35386,0.29769,0.29792,0.47291,0.277,0.27875,0.29809,0.28364,0.27532,0.33558,0.29715,0.26274,0.25671,0.34242,0.28771,0.30119,0.25668,0.31492,0.28572,0.23365,0.31085,0.24705,0.27036,0.32752,0.32379,0.28868,0.3135
0.26832,0.18446,0.12934,0.25884,0.2515,0,0.2004,0.27344,0.29135,0.3276,0.28954,0.13381,0.16757,0.27095,0.2238,0.23339,0.16848,0.16881,0.18825,0.26526,0.23005,0.22037,0.22797,0.46221,0.20493,0.20006,0.25263,0.26934,0.32219,0.22862,0.26382,0.21774,0.30808,0.35278,0.25644,0.23053,0.24153,0.16944,0.23027,0.19998,0.18218,0.36365,0.18245,0.30498,0.22367,0.20683,0.35787,0.30047,0.19055,0.38929,0.30644,0.28891,0.19193,0.26052,0.18769,0.27144,0.28867,0.19754,0.30423,0.24107,0.20627,0.23508,0.25249,0.43336,0.28182,0.29025,0.20301,0.23707,0.21596,0.23211,0.2745,0.2966,0.31999,0.30586,0.21492,0.28565,0.17999,0.20737,0.2163,0.23735,0.40115,0.37145,0.20829,0.31931,0.41986,0.22018,0.26934,0.23115,0.19707,0.21098,0.32115,0.24002,0.18184,0.19439,0.2953,0.21674,0.22427,0.16543,0.32798,0.31155,0.25246,0.34306,0.18128,0.18158,0.31251,0.25405,0.30148,0.29558
0.25219,0.24178,0.2279,0.27487,0.283,0.2004,0,0.22219,0.36913,0.321,0.26641,0.20772,0.25714,0.26503,0.22219,0.22218,0.2121,0.2366,0.26765,0.33405,0.19494,0.24364,0.21796,0.43904,0.21634,0.21802,0.23023,0.31787,0.32158,0.27514,0.28061,0.20838,0.3019,0.36247,0.26455,0.31806,0.31358,0.27806,0.32756,0.2822,0.23512,0.40543,0.25126,0.29355,0.24841,0.23058,0.37843,0.40084,0.27367,0.37944,0.41159,0.33498,0.27244,0.33459,0.27583,0.33914,0.35685,0.26455,0.36237,0.31,0.26293,0.29684,0.35187,0.47596,0.36345,0.31726,0.23348,0.28518,0.27445,0.29356,0.35156,0.36065,0.32132,0.42198,0.27801,0.36297,0.23047,0.29109,0.28798,0.29703,0.46768,0.39415,0.25564,0.37281,0.47047,0.26187,0.37487,0.33981,0.2806,0.29366,0.42209,0.33944,0.26494,0.28049,0.33581,0.28962,0.28173,0.25984,0.40402,0.36432,0.36206,0.39809,0.27317,0.27229,0.38811,0.33769,0.39088,0.37053
0.31921,0.2625,0.28288,0.28744,0.33498,0.27344,0.22219,0,0.4123,0.30646,0.30741,0.26263,0.31071,0.2833,0.24798,0.24797,0.2863,0.28791,0.31532,0.39405,0.24287,0.30088,0.25252,0.49646,0.22883,0.24873,0.26061,0.30628,0.33079,0.33881,0.30626,0.24583,0.26638,0.35163,0.23713,0.37401,0.36573,0.27637,0.38663,0.28626,0.28793,0.39556,0.31721,0.30166,0.27616,0.27834,0.39085,0.44804,0.32981,0.43181,0.44434,0.3796,0.33092,0.33932,0.3212,0.3823,0.33584,0.30624,0.40635,0.35156,0.28861,0.33911,0.39373,0.4943,0.42981,0.30586,0.29261,0.27493,0.34846,0.32628,0.38855,0.41066,0.39236,0.42539,0.28789,0.4014,0.28816,0.30343,0.28911,0.29753,0.47184,0.41308,0.27407,0.39199,0.47268,0.31296,0.40336,0.38214,0.26413,0.3436,0.4365,0.37416,0.31102,0.29982,0.37605,0.31976,0.27982,0.30291,0.42216,0.36863,0.36924,0.44088,0.29489,0.32732,0.39349,0.35776,0.38969,0.37993
0.36347,0.32534,0.28978,0.35148,0.3742,0.29135,0.36913,0.4123,0,0.33119,0.35872,0.29999,0.26574,0.36391,0.32743,0.35683,0.33016,0.27864,0.30085,0.29476,0.35299,0.30718,0.30428,0.4321,0.33568,0.30372,0.34485,0.33834,0.39858,0.33026,0.33843,0.35981,0.40028,0.38973,0.32365,0.22093,0.25797,0.30529,0.25143,0.24866,0.30105,0.32868,0.27864,0.36609,0.335,0.28969,0.3831,0.38072,0.24663,0.47803,0.4427,0.39859,0.31898,0.37451,0.30104,0.40947,0.34575,0.3198,0.41322,0.32683,0.32374,0.36394,0.36998,0.50525,0.3196,0.37876,0.35003,0.34603,0.36617,0.34045,0.27406,0.33866,0.3933,0.40865,0.35859,0.30207,0.29187,0.27665,0.29871,0.32061,0.34251,0.48841,0.307,0.35478,0.33765,0.35771,0.30704,0.27028,0.29826,0.27267,0.38321,0.26217,0.27694,0.25553,0.31131,0.28172,0.25985,0.30227,0.39912,0.4507,0.37809,0.32884,0.29941,0.28725,0.38293,0.30621,0.43906,0.31067
0.32958,0.31327,0.33398,0.3236,0.39818,0.3276,0.321,0.30646,0.33119,0,0.28174,0.30869,0.34472,0.28429,0.26673,0.28372,0.33813,0.31456,0.34745,0.40944,0.27231,0.26932,0.27007,0.49676,0.30262,0.30315,0.3142,0.27276,0.41528,0.35401,0.30651,0.32117,0.28832,0.39205,0.29304,0.31793,0.32029,0.31875,0.35723,0.31243,0.29393,0.38666,0.33905,0.34228,0.30954,0.31341,0.36265,0.45557,0.32748,0.50858,0.46303,0.41329,0.35921,0.36603,0.35648,0.39777,0.34454,0.32665,0.4541,0.34835,0.35728,0.37268,0.41523,0.5617,0.42717,0.32158,0.36671,0.34512,0.33496,0.33657,0.33594,0.3751,0.43015,0.42291,0.34517,0.40905,0.29904,0.32127,0.28691,0.31724,0.45787,0.45978,0.29468,0.34084,0.39804,0.32756,0.38358,0.37727,0.3003,0.33194,0.41228,0.35585,0.32586,0.32471,0.39286,0.35278,0.29404,0.34557,0.42905,0.43385,0.37406,0.38063,0.33304,0.31608,0.4118,0.34926,0.43064,0.3634
0.27112,0.32088,0.31667,0.32561,0.36466,0.28954,0.26641,0.30741,0.35872,0.28174,0,0.30526,0.33792,0.26566,0.23637,0.28902,0.29587,0.32193,0.35222,0.42636,0.2376,0.25962,0.23771,0.48259,0.27162,0.28187,0.30147,0.31843,0.34631,0.32938,0.26307,0.26821,0.29871,0.3378,0.29127,0.38083,0.37017,0.32355,0.3402,0.34232,0.29101,0.36534,0.33057,0.31849,0.26639,0.28245,0.32818,0.36204,0.34576,0.45143,0.40874,0.37469,0.31724,0.365,0.33843,0.36441,0.33409,0.31602,0.41731,0.33518,0.34043,0.37504,0.37372,0.46449,0.42392,0.36886,0.29632,0.32595,0.32505,0.31378,0.39906,0.3844,0.42938,0.38053,0.34629,0.42426,0.25271,0.29988,0.33503,0.2988,0.48873,0.39728,0.30697,0.33958,0.42567,0.2921,0.39553,0.36984,0.31378,0.32909,0.39472,0.36618,0.29184,0.32879,0.31584,0.34241,0.29949,0.3338,0.38845,0.3874,0.36454,0.40064,0.30208,0.33255,0.40118,0.34268,0.36174,0.40759
0.25842,0.15343,0.15597,0.27373,0.24721,0.13381,0.20772,0.26263,0.29999,0.30869,0.30526,0,0.20248,0.3115,0.25555,0.25579,0.22362,0.20319,0.18791,0.28373,0.26843,0.26451,0.26683,0.53993,0.23491,0.23629,0.27401,0.32913,0.35334,0.30157,0.32324,0.27229,0.31708,0.46128,0.28051,0.25005,0.27236,0.21297,0.28628,0.2173,0.24435,0.36813,0.19366,0.31383,0.26057,0.2437,0.39573,0.39003,0.21918,0.42258,0.4189,0.32079,0.20756,0.27067,0.18621,0.32147,0.31477,0.21117,0.39751,0.24618,0.21373,0.24676,0.25996,0.51431,0.31384,0.32221,0.26483,0.26794,0.25646,0.22958,0.2736,0.33618,0.28026,0.36295,0.24235,0.30707,0.21398,0.26221,0.23718,0.27266,0.4314,0.42464,0.24457,0.36623,0.43745,0.24359,0.30521,0.28765,0.23142,0.24065,0.37914,0.26699,0.20858,0.21407,0.33256,0.23965,0.25779,0.2083,0.40385,0.39155,0.29229,0.37527,0.19735,0.19225,0.36987,0.29131,0.38822,0.32902
0.29062,0.20536,0.14697,0.22917,0.26152,0.16757,0.25714,0.31071,0.26574,0.34472,0.33792,0.20248,0,0.2875,0.25929,0.26318,0.23043,0.15782,0.21031,0.25436,0.26971,0.25184,0.24238,0.51962,0.21866,0.2092,0.27511,0.26801,0.32754,0.22678,0.28905,0.24586,0.31157,0.44678,0.24218,0.25434,0.23839,0.15738,0.21118,0.18663,0.19107,0.32861,0.20387,0.30031,0.22497,0.23086,0.36974,0.35861,0.207,0.45359,0.38398,0.30372,0.23172,0.27172,0.20534,0.30965,0.25996,0.24913,0.36905,0.2328,0.21816,0.24294,0.26058,0.49896,0.26669,0.28385,0.22459,0.21843,0.24773,0.20682,0.27735,0.29637,0.30302,0.33817,0.24297,0.22527,0.23662,0.18703,0.202,0.24237,0.37572,0.4136,0.21356,0.33387,0.35508,0.25292,0.25894,0.23273,0.21173,0.19914,0.33863,0.21549,0.2077,0.19417,0.27515,0.19298,0.20728,0.18102,0.36679,0.36698,0.28386,0.33421,0.20607,0.23324,0.33908,0.21072,0.36174,0.27809
0.30482,0.29324,0.26471,0.2948,0.33692,0.27095,0.26503,0.2833,0.36391,0.28429,0.26566,0.3115,0.2875,0,0.20029,0.22504,0.25301,0.28031,0.30253,0.35736,0.21809,0.20747,0.2223,0.50324,0.21214,0.20828,0.21862,0.28016,0.25473,0.28627,0.2769,0.22048,0.24765,0.39829,0.24148,0.35749,0.31435,0.27253,0.32499,0.31162,0.24451,0.36227,0.30926,0.2625,0.21735,0.21897,0.30381,0.42647,0.30117,0.4579,0.43303,0.36188,0.29165,0.29952,0.32244,0.32627,0.31274,0.32116,0.3896,0.29961,0.31006,0.29751,0.36643,0.52371,0.39416,0.31749,0.23831,0.29085,0.27591,0.27839,0.31924,0.38115,0.42077,0.42317,0.28558,0.38239,0.26099,0.27907,0.2676,0.31897,0.46804,0.4094,0.24556,0.36091,0.41185,0.24468,0.35813,0.38126,0.29762,0.30435,0.40709,0.32022,0.32165,0.30099,0.30602,0.32637,0.27898,0.31692,0.43167,0.36946,0.3678,0.3807,0.30426,0.33146,0.38958,0.34676,0.38414,0.33562
0.2192,0.2687,0.25774,0.28417,0.28733,0.2238,0.22219,0.24798,0.32743,0.26673,0.23637,0.25555,0.25929,0.20029,0,0.20867,0.2396,0.25195,0.25568,0.37133,0.15886,0.20407,0.20267,0.5024,0.19345,0.21305,0.21701,0.29637,0.32639,0.30086,0.24735,0.20693,0.24621,0.3433,0.24309,0.32912,0.32544,0.26587,0.31334,0.26616,0.21945,0.32606,0.23979,0.26597,0.20516,0.22773,0.3449,0.41926,0.2654,0.4285,0.43569,0.36068,0.22801,0.29153,0.23998,0.32821,0.30348,0.21821,0.4079,0.26587,0.25895,0.27885,0.3239,0.50356,0.36921,0.32561,0.25974,0.25786,0.26847,0.25996,0.32991,0.35349,0.35814,0.40637,0.22276,0.37809,0.17553,0.23392,0.23269,0.23896,0.41948,0.39007,0.25052,0.34867,0.42783,0.20533,0.3193,0.3014,0.2252,0.26544,0.37339,0.31315,0.22833,0.25705,0.31089,0.26942,0.22229,0.24181,0.40822,0.38265,0.33576,0.38323,0.2303,0.26345,0.35968,0.3073,0.38424,0.36824
0.2391,0.2524,0.25094,0.29048,0.29631,0.23339,0.22218,0.24797,0.35683,0.28372,0.28902,0.25579,0.26318,0.22504,0.20867,0,0.23188,0.22521,0.25427,0.35196,0.19589,0.19871,0.21039,0.41625,0.18865,0.19065,0.21598,0.30979,0.31171,0.28599,0.31855,0.18444,0.25546,0.33755,0.25505,0.31359,0.31506,0.27154,0.35127,0.29141,0.20845,0.41004,0.24496,0.27194,0.2211,0.23891,0.34394,0.40007,0.27806,0.45438,0.42993,0.37986,0.2348,0.30953,0.2654,0.3535,0.3538,0.25962,0.45632,0.28635,0.24071,0.27644,0.34929,0.50141,0.39725,0.30903,0.27866,0.26258,0.25569,0.27465,0.30789,0.3568,0.38016,0.39534,0.22675,0.3857,0.21731,0.28445,0.27082,0.30845,0.44378,0.42226,0.2819,0.38267,0.45762,0.20632,0.34281,0.34726,0.25821,0.29033,0.38935,0.32799,0.26311,0.28709,0.3367,0.30422,0.26177,0.26037,0.4007,0.37956,0.33083,0.40765,0.26652,0.27044,0.3972,0.35485,0.37184,0.38031
0.218,0.21413,0.17694,0.28046,0.25378,0.16848,0.2121,0.2863,0.33016,0.33813,0.29587,0.22362,0.23043,0.25301,0.2396,0.23188,0,0.24827,0.23114,0.30102,0.22761,0.23651,0.23429,0.42629,0.21842,0.21177,0.27009,0.30526,0.32382,0.29506,0.27509,0.21922,0.32478,0.36413,0.27794,0.30132,0.32212,0.24278,0.2713,0.27599,0.22872,0.38416,0.23551,0.334,0.21572,0.22125,0.37568,0.36332,0.24085,0.4333,0.41449,0.32629,0.19956,0.33343,0.20713,0.33956,0.31057,0.22425,0.39793,0.24824,0.23445,0.26026,0.26503,0.44351,0.28516,0.32728,0.23441,0.27029,0.24003,0.25068,0.31379,0.30349,0.32412,0.38401,0.24874,0.34506,0.2218,0.25966,0.26222,0.27583,0.43009,0.39657,0.25722,0.32609,0.43824,0.22861,0.33416,0.28657,0.25753,0.24017,0.3952,0.28942,0.22762,0.25103,0.32074,0.27443,0.27107,0.20769,0.35876,0.33584,0.3234,0.37345,0.21909,0.21326,0.37663,0.32874,0.36771,0.3422
0.27008,0.19675,0.15385,0.25515,0.27336,0.16881,0.2366,0.28791,0.27864,0.31456,0.32193,0.20319,0.15782,0.28031,0.25195,0.22521,0.24827,0,0.18726,0.25827,0.25556,0.23717,0.23294,0.40864,0.22202,0.20473,0.24568,0.29751,0.33339,0.27203,0.30624,0.23967,0.31383,0.37253,0.25684,0.22522,0.23557,0.18506,0.24853,0.18018,0.19606,0.35444,0.16859,0.30041,0.23504,0.23156,0.37443,0.36203,0.22675,0.42337,0.37456,0.35507,0.23837,0.27355,0.19034,0.32284,0.31735,0.22703,0.40139,0.26452,0.24299,0.25916,0.27792,0.48292,0.32306,0.32177,0.23827,0.2722,0.25569,0.24878,0.27579,0.32038,0.3373,0.33878,0.23483,0.28223,0.20578,0.21996,0.20987,0.28139,0.39516,0.39436,0.23361,0.34556,0.39758,0.23225,0.28181,0.24772,0.20706,0.22883,0.34947,0.26051,0.19364,0.18239,0.32426,0.20717,0.22403,0.18221,0.36408,0.34816,0.27647,0.33377,0.21364,0.1946,0.33369,0.26048,0.33325,0.30889
0.26536,0.19965,0.16933,0.32471,0.24603,0.18825,0.26765,0.31532,0.30085,0.34745,0.35222,0.18791,0.21031,0.30253,0.25568,0.25427,0.23114,0.18726,0,0.28365,0.29107,0.26815,0.27502,0.48069,0.25558,0.24663,0.26587,0.34229,0.3588,0.2808,0.32043,0.276,0.37689,0.42843,0.31216,0.283,0.26353,0.22679,0.27573,0.23096,0.23523,0.39914,0.18389,0.32652,0.26702,0.24177,0.38839,0.3934,0.21541,0.46746,0.40538,0.37646,0.20299,0.26927,0.15593,0.33537,0.34423,0.22365,0.42717,0.26715,0.22041,0.24336,0.23873,0.51243,0.29442,0.35959,0.26427,0.31029,0.25222,0.26546,0.25958,0.34922,0.32937,0.40175,0.25068,0.31285,0.23388,0.27968,0.26228,0.30134,0.41447,0.43226,0.27695,0.35615,0.43402,0.22371,0.27995,0.27321,0.25044,0.22242,0.36354,0.28386,0.22509,0.20764,0.33268,0.24332,0.27182,0.21091,0.39584,0.40375,0.27744,0.38366,0.1994,0.19089,0.35186,0.30771,0.3963,0.34407
0.36207,0.27093,0.22749,0.34292,0.31279,0.26526,0.33405,0.39405,0.29476,0.40944,0.42636,0.28373,0.25436,0.35736,0.37133,0.35196,0.30102,0.25827,0.28365,0,0.35992,0.31601,0.34218,0.42471,0.31089,0.2731,0.3143,0.35985,0.32422,0.29042,0.3808,0.3293,0.38264,0.45219,0.32172,0.2883,0.29259,0.26025,0.28049,0.25467,0.30284,0.42856,0.25481,0.34284,0.30145,0.26364,0.38968,0.41546,0.26812,0.50621,0.43619,0.37311,0.29895,0.32577,0.26637,0.36787,0.36179,0.32815,0.39722,0.32415,0.31064,0.28487,0.3129,0.51614,0.26787,0.36239,0.26869,0.3319,0.34506,0.31725,0.28425,0.40014,0.36861,0.40322,0.3192,0.29181,0.32,0.29333,0.30373,0.38073,0.41166,0.46652,0.30186,0.41818,0.40798,0.33089,0.32041,0.31128,0.29482,0.29176,0.44191,0.31922,0.295,0.24497,0.33395,0.29271,0.3255,0.27189,0.44781,0.40578,0.3282,0.37739,0.31946,0.27793,0.40577,0.35062,0.41335,0.34364
0.18989,0.27453,0.26227,0.31877,0.2965,0.23005,0.19494,0.24287,0.35299,0.27231,0.2376,0.26843,0.26971,0.21809,0.15886,0.19589,0.22761,0.25556,0.29107,0.35992,0,0.22981,0.20159,0.42627,0.22578,0.24788,0.26032,0.30039,0.34575,0.3194,0.22819,0.2122,0.25962,0.28314,0.28531,0.34453,0.36653,0.28855,0.32279,0.29371,0.2509,0.36858,0.25728,0.31182,0.22861,0.25673,0.34962,0.38535,0.27628,0.45664,0.43172,0.37529,0.24703,0.32618,0.27021,0.36469,0.30235,0.23007,0.43811,0.27127,0.26216,0.29737,0.35554,0.48871,0.36792,0.30163,0.25929,0.26578,0.25464,0.28314,0.35882,0.32571,0.35453,0.41779,0.25071,0.39552,0.18622,0.27635,0.27947,0.25444,0.45179,0.42161,0.24933,0.35606,0.43105,0.22257,0.36143,0.32638,0.24752,0.27925,0.38094,0.32534,0.24727,0.28013,0.32695,0.29701,0.25877,0.24231,0.35599,0.37113,0.34794,0.3876,0.24838,0.2633,0.37676,0.32737,0.37789,0.38538
0.23686,0.25794,0.23664,0.27539,0.29661,0.22037,0.24364,0.30088,0.30718,0.26932,0.25962,0.26451,0.25184,0.20747,0.20407,0.19871,0.23651,0.23717,0.26815,0.31601,0.22981,0,0.19679,0.38641,0.17637,0.18217,0.21183,0.2921,0.29721,0.30182,0.26904,0.19665,0.25553,0.30506,0.23351,0.28091,0.31744,0.26073,0.29943,0.26289,0.21812,0.36046,0.24322,0.279,0.20014,0.21341,0.31162,0.39077,0.26472,0.43867,0.38045,0.36658,0.22077,0.32092,0.26966,0.34773,0.32001,0.26561,0.39948,0.26672,0.27248,0.28344,0.35039,0.48808,0.35541,0.32042,0.25361,0.26478,0.27604,0.23823,0.29409,0.35309,0.38453,0.3992,0.24686,0.36392,0.20193,0.24352,0.2343,0.28107,0.41656,0.39145,0.2488,0.35837,0.41964,0.21116,0.32075,0.29784,0.25451,0.25679,0.36495,0.30068,0.22439,0.24966,0.27293,0.28061,0.23444,0.24435,0.40487,0.37103,0.35259,0.36811,0.26314,0.25691,0.37297,0.31155,0.36291,0.35073
0.23989,0.25311,0.22519,0.26894,0.30299,0.22797,0.21796,0.25252,0.30428,0.27007,0.23771,0.26683,0.24238,0.2223,0.20267,0.21039,0.23429,0.23294,0.27502,0.34218,0.20159,0.19679,0,0.39125,0.17038,0.1813,0.21958,0.23715,0.29794,0.2686,0.21899,0.1871,0.21344,0.28176,0.19926,0.30699,0.32821,0.25715,0.27551,0.25474,0.21509,0.33135,0.23746,0.27407,0.17649,0.19466,0.30939,0.36869,0.26081,0.47525,0.40889,0.36116,0.24002,0.314,0.24453,0.33859,0.25153,0.2425,0.40566,0.23892,0.24201,0.28522,0.32858,0.50074,0.34501,0.24936,0.23415,0.20525,0.25087,0.22346,0.31961,0.31038,0.36268,0.40246,0.25422,0.3529,0.20126,0.21347,0.23704,0.2369,0.41807,0.41341,0.19309,0.32364,0.38202,0.21775,0.33223,0.29048,0.23082,0.22739,0.36501,0.2703,0.22497,0.23976,0.26823,0.2579,0.20644,0.22602,0.38663,0.36024,0.33072,0.35097,0.23356,0.26332,0.3718,0.28475,0.36489,0.32746
0.43942,0.53681,0.47083,0.47698,0.52499,0.46221,0.43904,0.49646,0.4321,0.49676,0.48259,0.53993,0.51962,0.50324,0.5024,0.41625,0.42629,0.40864,0.48069,0.42471,0.42627,0.38641,0.39125,0,0.41201,0.40022,0.39628,0.38409,0.40979,0.45491,0.35281,0.42386,0.44581,0.26258,0.39577,0.42562,0.46847,0.42838,0.39036,0.3834,0.42445,0.36999,0.42768,0.41478,0.38246,0.36072,0.34335,0.5385,0.38449,0.6043,0.49536,0.51487,0.40988,0.51177,0.44422,0.49626,0.41668,0.44303,0.545,0.40604,0.43154,0.46097,0.47752,0.59825,0.38752,0.45877,0.41098,0.40659,0.45087,0.40847,0.42357,0.47438,0.48465,0.54454,0.44282,0.42083,0.37368,0.37385,0.41209,0.4037,0.4336,0.4764,0.38569,0.4566,0.39322,0.43228,0.4001,0.37587,0.42867,0.37786,0.44408,0.34893,0.39369,0.36004,0.33848,0.36383,0.36405,0.41325,0.51973,0.50613,0.48369,0.428,0.43823,0.43351,0.45979,0.41861,0.49559,0.38205
0.25794,0.22605,0.20965,0.21976,0.28544,0.20493,0.21634,0.22883,0.33568,0.30262,0.27162,0.23491,0.21866,0.21214,0.19345,0.18865,0.21842,0.22202,0.25558,0.31089,0.22578,0.17637,0.17038,0.41201,0,0.15971,0.19389,0.24822,0.29901,0.29118,0.30479,0.1857,0.22483,0.3535,0.20077,0.29162,0.31825,0.22583,0.30051,0.2512,0.19226,0.38786,0.23499,0.26977,0.16853,0.19811,0.34102,0.38008,0.24887,0.45005,0.40759,0.36853,0.20189,0.29765,0.22642,0.33419,0.28907,0.24235,0.42249,0.24079,0.24292,0.25263,0.31501,0.47231,0.36248,0.29413,0.25005,0.21667,0.26367,0.21887,0.30351,0.34309,0.34567,0.37779,0.2345,0.36141,0.19476,0.22687,0.20916,0.26289,0.42208,0.37904,0.22094,0.36115,0.43729,0.21017,0.31616,0.29738,0.21489,0.24311,0.39297,0.30627,0.22381,0.23237,0.28567,0.27895,0.22119,0.20509,0.37105,0.35691,0.33308,0.37671,0.22751,0.24287,0.37615,0.31643,0.3452,0.3399
0.25726,0.22346,0.18756,0.23465,0.27684,0.20006,0.21802,0.24873,0.30372,0.30315,0.28187,0.23629,0.2092,0.20828,0.21305,0.19065,0.21177,0.20473,0.24663,0.2731,0.24788,0.18217,0.1813,0.40022,0.15971,0,0.16533,0.25092,0.25969,0.24633,0.28259,0.13857,0.24495,0.35258,0.19112,0.26707,0.27136,0.21561,0.27527,0.25004,0.16302,0.38921,0.19648,0.2356,0.16667,0.15034,0.33471,0.3857,0.23245,0.46419,0.41907,0.3627,0.21272,0.27936,0.22621,0.34915,0.30434,0.22835,0.40588,0.2679,0.23871,0.23429,0.32898,0.49566,0.3426,0.29759,0.20761,0.23596,0.25648,0.22925,0.28203,0.33928,0.33941,0.39368,0.22003,0.33027,0.2011,0.21863,0.22751,0.26765,0.41721,0.38243,0.22895,0.3602,0.42989,0.20721,0.2963,0.31215,0.23149,0.25291,0.40634,0.29582,0.22471,0.21934,0.29097,0.25577,0.22646,0.2109,0.38141,0.35458,0.3043,0.36485,0.24169,0.2361,0.37499,0.31123,0.35631,0.33084
0.28222,0.28109,0.24439,0.27618,0.28179,0.25263,0.23023,0.26061,0.34485,0.3142,0.30147,0.27401,0.27511,0.21862,0.21701,0.21598,0.27009,0.24568,0.26587,0.3143,0.26032,0.21183,0.21958,0.39628,0.19389,0.16533,0,0.29657,0.24451,0.24896,0.28395,0.15602,0.27157,0.35231,0.19557,0.32233,0.29567,0.25144,0.31255,0.25994,0.20802,0.39911,0.24542,0.18372,0.1836,0.16873,0.31882,0.43623,0.26501,0.45046,0.44648,0.38699,0.23714,0.27881,0.24962,0.3489,0.32595,0.25705,0.40696,0.28647,0.26465,0.24128,0.34608,0.53507,0.37278,0.3466,0.22989,0.28018,0.30109,0.26146,0.27767,0.39519,0.37918,0.40334,0.23782,0.36068,0.20522,0.24974,0.24198,0.3079,0.42386,0.39939,0.24811,0.37231,0.43326,0.21085,0.31588,0.32533,0.23635,0.27011,0.41185,0.32825,0.24702,0.23506,0.28402,0.26939,0.24505,0.25237,0.41253,0.38232,0.32933,0.37765,0.26462,0.26503,0.38461,0.33283,0.39385,0.36927
0.35114,0.29557,0.27611,0.23329,0.37582,0.26934,0.31787,0.30628,0.33834,0.27276,0.31843,0.32913,0.26801,0.28016,0.29637,0.30979,0.30526,0.29751,0.34229,0.35985,0.30039,0.2921,0.23715,0.38409,0.24822,0.25092,0.29657,0,0.37776,0.31101,0.26708,0.26081,0.22503,0.3941,0.23241,0.30605,0.30333,0.22637,0.27475,0.2564,0.23696,0.35646,0.29965,0.33155,0.23341,0.26727,0.39686,0.37154,0.31063,0.47516,0.3955,0.38615,0.31443,0.32197,0.30978,0.35519,0.24741,0.28948,0.42893,0.27132,0.32253,0.33597,0.36546,0.48211,0.38474,0.25323,0.2968,0.27039,0.31828,0.22932,0.36667,0.3366,0.385,0.39955,0.31083,0.36443,0.27672,0.22894,0.23724,0.21888,0.36468,0.41637,0.23841,0.3136,0.33937,0.30032,0.3402,0.30564,0.24765,0.28443,0.37316,0.29688,0.25392,0.29329,0.32468,0.29508,0.23665,0.26963,0.38826,0.3811,0.33583,0.34914,0.27131,0.30592,0.36642,0.26151,0.36324,0.28478
0.35587,0.34064,0.30494,0.33144,0.36306,0.32219,0.32158,0.33079,0.39858,0.41528,0.34631,0.35334,0.32754,0.25473,0.32639,0.31171,0.32382,0.33339,0.3588,0.32422,0.34575,0.29721,0.29794,0.40979,0.29901,0.25969,0.24451,0.37776,0,0.30147,0.3414,0.22733,0.33769,0.34624,0.25518,0.4067,0.36291,0.29643,0.3285,0.33752,0.31336,0.38552,0.33587,0.27455,0.24659,0.22454,0.26758,0.47228,0.3421,0.43408,0.45725,0.39096,0.30515,0.35978,0.33624,0.38872,0.36249,0.37069,0.34404,0.34373,0.3189,0.32198,0.40396,0.52091,0.36282,0.37199,0.22142,0.30914,0.34445,0.33316,0.33253,0.45331,0.4278,0.47383,0.28414,0.38132,0.30339,0.30016,0.31472,0.37055,0.43176,0.42983,0.30715,0.41593,0.43145,0.29051,0.3852,0.36704,0.33726,0.33261,0.45449,0.32839,0.33132,0.31002,0.28477,0.30932,0.31844,0.34865,0.48239,0.42347,0.44074,0.41127,0.34675,0.37611,0.43949,0.3527,0.42771,0.40929
0.34195,0.27104,0.25152,0.29446,0.18307,0.22862,0.27514,0.33881,0.33026,0.35401,0.32938,0.30157,0.22678,0.28627,0.30086,0.28599,0.29506,0.27203,0.2808,0.29042,0.3194,0.30182,0.2686,0.45491,0.29118,0.24633,0.24896,0.31101,0.30147,0,0.33477,0.2866,0.38146,0.37654,0.3119,0.34327,0.28487,0.28331,0.29744,0.29313,0.21274,0.41085,0.25498,0.26675,0.2716,0.25213,0.35363,0.33602,0.26266,0.36487,0.37031,0.29096,0.2685,0.23414,0.26414,0.31627,0.33734,0.27079,0.30888,0.28481,0.24213,0.27467,0.28728,0.43607,0.3247,0.34181,0.25746,0.32612,0.26303,0.32017,0.32133,0.30684,0.38588,0.35029,0.28417,0.3068,0.26288,0.27168,0.29397,0.32071,0.43801,0.37717,0.29081,0.31172,0.44865,0.27992,0.30019,0.31545,0.29149,0.26858,0.34658,0.293,0.2769,0.26491,0.31374,0.28322,0.29383,0.27935,0.34151,0.32108,0.30409,0.34076,0.2604,0.29924,0.34059,0.32696,0.30903,0.33614
0.28443,0.31421,0.30852,0.32133,0.34377,0.26382,0.28061,0.30626,0.33843,0.30651,0.26307,0.32324,0.28905,0.2769,0.24735,0.31855,0.27509,0.30624,0.32043,0.3808,0.22819,0.26904,0.21899,0.35281,0.30479,0.28259,0.28395,0.26708,0.3414,0.33477,0,0.2632,0.29342,0.33079,0.27722,0.36785,0.36962,0.27276,0.2891,0.28797,0.28055,0.29995,0.29846,0.3415,0.25591,0.28373,0.35917,0.31465,0.28926,0.42535,0.37694,0.3096,0.30015,0.34883,0.29977,0.36647,0.25106,0.27974,0.37354,0.27723,0.29997,0.33884,0.33437,0.45513,0.33391,0.3259,0.26484,0.26416,0.30313,0.26864,0.38101,0.30964,0.35812,0.33943,0.29569,0.35248,0.26075,0.25764,0.27111,0.2096,0.43195,0.3574,0.25129,0.27795,0.38297,0.28487,0.32032,0.27464,0.25024,0.25794,0.31887,0.28576,0.25848,0.28218,0.31511,0.27461,0.2453,0.25676,0.31341,0.32545,0.32502,0.31623,0.27212,0.29718,0.3406,0.2687,0.30872,0.32411
0.24443,0.26684,0.2341,0.25541,0.28759,0.21774,0.20838,0.24583,0.35981,0.32117,0.26821,0.27229,0.24586,0.22048,0.20693,0.18444,0.21922,0.23967,0.276,0.3293,0.2122,0.19665,0.1871,0.42386,0.1857,0.13857,0.15602,0.26081,0.22733,0.2866,0.2632,0,0.26879,0.32708,0.22358,0.32798,0.31165,0.24404,0.29677,0.27618,0.19712,0.364,0.26166,0.25864,0.17773,0.20902,0.33335,0.38559,0.27538,0.35245,0.39783,0.32538,0.23413,0.31072,0.2529,0.32633,0.31893,0.25061,0.33305,0.26782,0.246,0.27655,0.34028,0.48463,0.35542,0.31588,0.22174,0.25148,0.26584,0.24397,0.32302,0.35756,0.36229,0.39921,0.22125,0.35898,0.1999,0.2475,0.25236,0.26749,0.40254,0.36087,0.25961,0.34069,0.43397,0.19503,0.32889,0.30645,0.242,0.26123,0.37522,0.29694,0.22836,0.24952,0.29832,0.25815,0.24075,0.23113,0.38449,0.34975,0.3527,0.37526,0.24109,0.27306,0.36312,0.30393,0.36116,0.35045
0.32466,0.29327,0.3223,0.25637,0.36673,0.30808,0.3019,0.26638,0.40028,0.28832,0.29871,0.31708,0.31157,0.24765,0.24621,0.25546,0.32478,0.31383,0.37689,0.38264,0.25962,0.25553,0.21344,0.44581,0.22483,0.24495,0.27157,0.22503,0.33769,0.38146,0.29342,0.26879,0,0.3904,0.2423,0.38621,0.41837,0.30241,0.37577,0.30989,0.29408,0.37435,0.35738,0.3412,0.25344,0.30177,0.36103,0.39704,0.37032,0.44451,0.39325,0.41001,0.33142,0.3734,0.36115,0.37608,0.27199,0.35512,0.42941,0.27839,0.3308,0.3649,0.42053,0.48291,0.4367,0.26515,0.32822,0.2187,0.32607,0.24099,0.40964,0.38265,0.40585,0.40506,0.31855,0.41683,0.26755,0.2797,0.27833,0.25544,0.472,0.41396,0.22282,0.37783,0.43706,0.28887,0.38803,0.37656,0.28201,0.32747,0.40431,0.34131,0.31749,0.3339,0.33488,0.34969,0.2606,0.30696,0.41721,0.36929,0.37581,0.39517,0.32423,0.36214,0.40145,0.32868,0.36458,0.36197
0.33437,0.46665,0.40617,0.44751,0.40439,0.35278,0.36247,0.35163,0.38973,0.39205,0.3378,0.46128,0.44678,0.39829,0.3433,0.33755,0.36413,0.37253,0.42843,0.45219,0.28314,0.30506,0.28176,0.26258,0.3535,0.35258,0.35231,0.3941,0.34624,0.37654,0.33079,0.32708,0.3904,0,0.39767,0.43998,0.43401,0.42576,0.44003,0.42316,0.37222,0.41153,0.41162,0.38271,0.37567,0.38147,0.39262,0.48784,0.39895,0.54628,0.49078,0.4762,0.38614,0.44018,0.41381,0.48999,0.40813,0.36344,0.51745,0.4006,0.3918,0.41953,0.45532,0.55935,0.45193,0.41326,0.36968,0.39,0.38632,0.43839,0.45415,0.43336,0.46553,0.49177,0.36717,0.48588,0.33424,0.36227,0.39115,0.36752,0.46405,0.50919,0.3839,0.4452,0.48055,0.37788,0.41868,0.40846,0.36973,0.39327,0.44543,0.40968,0.37802,0.40135,0.39163,0.38952,0.35622,0.40211,0.46868,0.4939,0.43775,0.42129,0.3983,0.39961,0.44661,0.43726,0.48824,0.46787
0.32764,0.25987,0.25816,0.21627,0.33161,0.25644,0.26455,0.23713,0.32365,0.29304,0.29127,0.28051,0.24218,0.24148,0.24309,0.25505,0.27794,0.25684,0.31216,0.32172,0.28531,0.23351,0.19926,0.39577,0.20077,0.19112,0.19557,0.23241,0.25518,0.3119,0.27722,0.22358,0.2423,0.39767,0,0.32133,0.31061,0.21854,0.28951,0.23192,0.21692,0.32626,0.30019,0.22973,0.17505,0.21157,0.30455,0.37421,0.29453,0.43576,0.37212,0.34984,0.28093,0.29651,0.28364,0.34137,0.25674,0.29769,0.37995,0.26756,0.27902,0.2926,0.34274,0.47221,0.35861,0.26709,0.2352,0.20587,0.32236,0.21804,0.33265,0.34028,0.35794,0.34131,0.27679,0.31509,0.24954,0.199,0.20057,0.22708,0.38138,0.37871,0.20175,0.32598,0.36501,0.27245,0.29003,0.30871,0.22801,0.26564,0.36162,0.26618,0.25258,0.24203,0.29906,0.24493,0.18416,0.25444,0.36105,0.31981,0.29138,0.31642,0.2674,0.30476,0.35068,0.25994,0.31281,0.28253
0.32651,0.24625,0.22172,0.34783,0.33362,0.23053,0.31806,0.37401,0.22093,0.31793,0.38083,0.25005,0.25434,0.35749,0.32912,0.31359,0.30132,0.22522,0.283,0.2883,0.34453,0.28091,0.30699,0.42562,0.29162,0.26707,0.32233,0.30605,0.4067,0.34327,0.36785,0.32798,0.38621,0.43998,0.32133,0,0.23783,0.25824,0.28608,0.24624,0.28837,0.39206,0.25768,0.39095,0.33748,0.30433,0.42741,0.43566,0.23569,0.47849,0.41169,0.41116,0.30178,0.35484,0.27823,0.39235,0.36131,0.25363,0.46013,0.30821,0.30837,0.32703,0.35608,0.51644,0.36009,0.36084,0.33813,0.34825,0.31324,0.31085,0.2877,0.3345,0.31388,0.42183,0.29957,0.31736,0.29341,0.29949,0.29177,0.33959,0.43762,0.47761,0.30645,0.38033,0.39718,0.33366,0.33718,0.29455,0.28056,0.29814,0.38623,0.30484,0.25025,0.26671,0.38358,0.31522,0.28842,0.26073,0.41073,0.44952,0.34571,0.38037,0.29453,0.22202,0.38416,0.32746,0.43024,0.32679
0.36151,0.26761,0.22706,0.3152,0.28897,0.24153,0.31358,0.36573,0.25797,0.32029,0.37017,0.27236,0.23839,0.31435,0.32544,0.31506,0.32212,0.23557,0.26353,0.29259,0.36653,0.31744,0.32821,0.46847,0.31825,0.27136,0.29567,0.30333,0.36291,0.28487,0.36962,0.31165,0.41837,0.43401,0.31061,0.23783,0,0.24349,0.29479,0.27064,0.24785,0.42199,0.27132,0.34828,0.33107,0.28508,0.42717,0.41308,0.25947,0.46517,0.42507,0.35691,0.32563,0.31547,0.27429,0.37385,0.38922,0.28216,0.40071,0.33856,0.31511,0.31127,0.33661,0.51634,0.36755,0.39247,0.32673,0.39808,0.32021,0.3342,0.2489,0.3619,0.35899,0.3716,0.3171,0.31481,0.31681,0.30931,0.28249,0.36913,0.44509,0.44767,0.34402,0.35751,0.38803,0.32254,0.31694,0.33706,0.2944,0.3095,0.36471,0.34783,0.29252,0.26165,0.39091,0.31957,0.30973,0.29973,0.40119,0.38412,0.31247,0.36674,0.28656,0.26431,0.34105,0.3459,0.36975,0.31093
0.31216,0.21202,0.173,0.23611,0.28046,0.16944,0.27806,0.27637,0.30529,0.31875,0.32355,0.21297,0.15738,0.27253,0.26587,0.27154,0.24278,0.18506,0.22679,0.26025,0.28855,0.26073,0.25715,0.42838,0.22583,0.21561,0.25144,0.22637,0.29643,0.28331,0.27276,0.24404,0.30241,0.42576,0.21854,0.25824,0.24349,0,0.23676,0.202,0.21543,0.33363,0.23673,0.31359,0.23507,0.25285,0.38211,0.38652,0.21616,0.41821,0.39807,0.32736,0.25598,0.24929,0.21714,0.33296,0.24517,0.2156,0.3802,0.22335,0.24221,0.24698,0.2685,0.50132,0.29788,0.30856,0.23281,0.25712,0.26704,0.22815,0.27664,0.27871,0.29082,0.33371,0.21598,0.25092,0.24354,0.22136,0.16757,0.23259,0.40383,0.40213,0.23126,0.3078,0.3427,0.27006,0.26343,0.25142,0.1722,0.22982,0.32474,0.25891,0.20756,0.2115,0.33432,0.2333,0.21972,0.19365,0.35222,0.35736,0.28167,0.31736,0.20463,0.19921,0.33721,0.21405,0.35897,0.25186
0.31346,0.28753,0.2093,0.26345,0.31466,0.23027,0.32756,0.38663,0.25143,0.35723,0.3402,0.28628,0.21118,0.32499,0.31334,0.35127,0.2713,0.24853,0.27573,0.28049,0.32279,0.29943,0.27551,0.39036,0.30051,0.27527,0.31255,0.27475,0.3285,0.29744,0.2891,0.29677,0.37577,0.44003,0.28951,0.28608,0.29479,0.23676,0,0.24912,0.24864,0.29471,0.24005,0.3456,0.26493,0.28258,0.38783,0.3383,0.2493,0.43587,0.41502,0.33494,0.2783,0.29283,0.23515,0.3695,0.27801,0.23288,0.38808,0.26427,0.29684,0.29239,0.27135,0.45848,0.2384,0.35538,0.27247,0.30139,0.29834,0.2646,0.32909,0.29571,0.32762,0.37289,0.3115,0.27248,0.25715,0.2244,0.24069,0.25373,0.36369,0.4586,0.27558,0.31731,0.32121,0.29975,0.25987,0.17896,0.24816,0.22864,0.34129,0.22152,0.22004,0.23994,0.25585,0.23537,0.24741,0.22906,0.34621,0.40499,0.31351,0.3106,0.24118,0.25714,0.35178,0.21428,0.38167,0.29795
0.30818,0.20477,0.20947,0.26437,0.2859,0.19998,0.2822,0.28626,0.24866,0.31243,0.34232,0.2173,0.18663,0.31162,0.26616,0.29141,0.27599,0.18018,0.23096,0.25467,0.29371,0.26289,0.25474,0.3834,0.2512,0.25004,0.25994,0.2564,0.33752,0.29313,0.28797,0.27618,0.30989,0.42316,0.23192,0.24624,0.27064,0.202,0.24912,0,0.22507,0.31732,0.1873,0.32232,0.26478,0.25751,0.38994,0.4238,0.23725,0.45363,0.43396,0.37098,0.27017,0.30582,0.21319,0.35937,0.30339,0.22716,0.4009,0.28139,0.27233,0.29669,0.27848,0.52915,0.31744,0.32703,0.28514,0.26831,0.30809,0.24705,0.30646,0.32165,0.3068,0.38874,0.28018,0.26734,0.23019,0.21421,0.2174,0.2388,0.35253,0.46257,0.23051,0.3537,0.39739,0.28264,0.25383,0.21792,0.19892,0.2372,0.36381,0.2376,0.2069,0.18578,0.32517,0.20593,0.20858,0.18278,0.41563,0.4119,0.26742,0.33457,0.23622,0.21415,0.35371,0.23894,0.38912,0.29329
0.26858,0.22841,0.19738,0.24426,0.22488,0.18218,0.23512,0.28793,0.30105,0.29393,0.29101,0.24435,0.19107,0.24451,0.21945,0.20845,0.22872,0.19606,0.23523,0.30284,0.2509,0.21812,0.21509,0.42445,0.19226,0.16302,0.20802,0.23696,0.31336,0.21274,0.28055,0.19712,0.29408,0.37222,0.21692,0.28837,0.24785,0.21543,0.24864,0.22507,0,0.37624,0.24994,0.26952,0.22476,0.2367,0.3679,0.29791,0.24838,0.38845,0.33261,0.29895,0.23435,0.26519,0.23818,0.31388,0.29613,0.23165,0.34732,0.23902,0.23867,0.27114,0.29566,0.43562,0.32348,0.30683,0.25216,0.26911,0.23479,0.23883,0.3167,0.28662,0.33118,0.31494,0.25942,0.30465,0.19903,0.23988,0.21659,0.23441,0.40478,0.32541,0.24302,0.29252,0.41687,0.23742,0.26713,0.24949,0.22012,0.23394,0.31138,0.25628,0.21298,0.21254,0.30689,0.24014,0.22085,0.19574,0.28684,0.30952,0.23256,0.31374,0.20225,0.23435,0.28741,0.25472,0.263,0.29178
0.38368,0.3585,0.3701,0.32917,0.42803,0.36365,0.40543,0.39556,0.32868,0.38666,0.36534,0.36813,0.32861,0.36227,0.32606,0.41004,0.38416,0.35444,0.39914,0.42856,0.36858,0.36046,0.33135,0.36999,0.38786,0.38921,0.39911,0.35646,0.38552,0.41085,0.29995,0.364,0.37435,0.41153,0.32626,0.39206,0.42199,0.33363,0.29471,0.31732,0.37624,0,0.41269,0.41932,0.3294,0.38813,0.40572,0.35995,0.39153,0.46024,0.38985,0.40507,0.38336,0.41514,0.3779,0.38525,0.27741,0.3903,0.38708,0.34153,0.40401,0.44913,0.37543,0.43958,0.37848,0.40469,0.35772,0.34624,0.40416,0.31852,0.44457,0.36031,0.41905,0.42029,0.39953,0.36477,0.34797,0.30742,0.30182,0.28862,0.37006,0.38032,0.32488,0.33139,0.30749,0.37626,0.33599,0.33522,0.3391,0.33655,0.32421,0.31007,0.33864,0.35117,0.31916,0.31943,0.29822,0.35719,0.37579,0.35662,0.4096,0.31859,0.33565,0.40734,0.32332,0.27269,0.36228,0.32648
0.24627,0.21778,0.17442,0.34715,0.26652,0.18245,0.25126,0.31721,0.27864,0.33905,0.33057,0.19366,0.20387,0.30926,0.23979,0.24496,0.23551,0.16859,0.18389,0.25481,0.25728,0.24322,0.23746,0.42768,0.23499,0.19648,0.24542,0.29965,0.33587,0.25498,0.29846,0.26166,0.35738,0.41162,0.30019,0.25768,0.27132,0.23673,0.24005,0.1873,0.24994,0.41269,0,0.34045,0.27324,0.26448,0.39816,0.31388,0.21164,0.41191,0.36282,0.30176,0.21973,0.28064,0.18639,0.30705,0.34476,0.23354,0.35483,0.2784,0.21721,0.26908,0.24676,0.4407,0.31905,0.33884,0.27172,0.30007,0.23346,0.2899,0.28602,0.31294,0.33051,0.34896,0.25113,0.33329,0.22801,0.26948,0.27877,0.31505,0.46831,0.40689,0.28473,0.34956,0.44773,0.23157,0.29521,0.29847,0.24379,0.24272,0.35927,0.32198,0.23371,0.23806,0.35044,0.26368,0.28498,0.19711,0.3298,0.32918,0.27729,0.37828,0.20636,0.20873,0.3264,0.32928,0.32813,0.3623
0.33871,0.33033,0.30198,0.26071,0.26971,0.30498,0.29355,0.30166,0.36609,0.34228,0.31849,0.31383,0.30031,0.2625,0.26597,0.27194,0.334,0.30041,0.32652,0.34284,0.31182,0.279,0.27407,0.41478,0.26977,0.2356,0.18372,0.33155,0.27455,0.26675,0.3415,0.25864,0.3412,0.38271,0.22973,0.39095,0.34828,0.31359,0.3456,0.32232,0.26952,0.41932,0.34045,0,0.26885,0.27423,0.35362,0.38778,0.31984,0.41955,0.38819,0.36501,0.32152,0.27618,0.31002,0.31227,0.36078,0.32354,0.36827,0.35574,0.31721,0.29248,0.3488,0.4958,0.41619,0.40335,0.30289,0.34453,0.36679,0.33833,0.33921,0.36783,0.42766,0.35882,0.30047,0.38768,0.29017,0.30849,0.31211,0.35604,0.44887,0.32934,0.32464,0.36126,0.46632,0.32121,0.309,0.39276,0.29034,0.33859,0.40347,0.39525,0.32547,0.30214,0.3547,0.33778,0.3014,0.33252,0.39919,0.30488,0.31938,0.36803,0.31999,0.35312,0.32398,0.39253,0.33118,0.37219
0.24024,0.24449,0.21076,0.21818,0.27526,0.22367,0.24841,0.27616,0.335,0.30954,0.26639,0.26057,0.22497,0.21735,0.20516,0.2211,0.21572,0.23504,0.26702,0.30145,0.22861,0.20014,0.17649,0.38246,0.16853,0.16667,0.1836,0.23341,0.24659,0.2716,0.25591,0.17773,0.25344,0.37567,0.17505,0.33748,0.33107,0.23507,0.26493,0.26478,0.22476,0.3294,0.27324,0.26885,0,0.20715,0.33037,0.37591,0.26146,0.44146,0.41577,0.32689,0.21409,0.26678,0.21913,0.3192,0.24914,0.24168,0.36967,0.21559,0.24402,0.23703,0.30093,0.53079,0.3124,0.28686,0.2288,0.21593,0.25731,0.20279,0.30511,0.33844,0.35116,0.38022,0.22816,0.33229,0.19408,0.19386,0.20133,0.23304,0.38877,0.40344,0.20609,0.36376,0.37483,0.20537,0.29987,0.28191,0.21382,0.2144,0.37083,0.25627,0.22149,0.23628,0.25083,0.26513,0.19997,0.20855,0.38983,0.36252,0.32348,0.36582,0.21865,0.26906,0.37038,0.2737,0.3882,0.33822
0.27626,0.23944,0.18455,0.29151,0.26598,0.20683,0.23058,0.27834,0.28969,0.31341,0.28245,0.2437,0.23086,0.21897,0.22773,0.23891,0.22125,0.23156,0.24177,0.26364,0.25673,0.21341,0.19466,0.36072,0.19811,0.15034,0.16873,0.26727,0.22454,0.25213,0.28373,0.20902,0.30177,0.38147,0.21157,0.30433,0.28508,0.25285,0.28258,0.25751,0.2367,0.38813,0.26448,0.27423,0.20715,0,0.2798,0.38114,0.20299,0.46599,0.40527,0.33759,0.2218,0.28719,0.23773,0.34553,0.3098,0.24721,0.38995,0.27498,0.21975,0.23775,0.31336,0.50173,0.33666,0.29759,0.19946,0.24848,0.24719,0.25455,0.25245,0.35602,0.37704,0.38859,0.24035,0.33765,0.20112,0.2396,0.24178,0.29603,0.45122,0.41617,0.22071,0.35896,0.42606,0.20357,0.32151,0.31225,0.2404,0.24795,0.40242,0.30099,0.23262,0.23046,0.27578,0.27037,0.23992,0.23417,0.4044,0.36335,0.3134,0.37336,0.23691,0.23674,0.36914,0.3408,0.36305,0.35486
0.38785,0.36502,0.35316,0.40066,0.39852,0.35787,0.37843,0.39085,0.3831,0.36265,0.32818,0.39573,0.36974,0.30381,0.3449,0.34394,0.37568,0.37443,0.38839,0.38968,0.34962,0.31162,0.30939,0.34335,0.34102,0.33471,0.31882,0.39686,0.26758,0.35363,0.35917,0.33335,0.36103,0.39262,0.30455,0.42741,0.42717,0.38211,0.38783,0.38994,0.3679,0.40572,0.39816,0.35362,0.33037,0.2798,0,0.45531,0.34369,0.57013,0.4703,0.44766,0.32663,0.38741,0.37519,0.42714,0.33322,0.37863,0.45369,0.34276,0.32726,0.37825,0.42428,0.56614,0.40571,0.35175,0.28843,0.29886,0.34498,0.3352,0.34378,0.42046,0.46887,0.46986,0.33395,0.37627,0.312,0.31331,0.33089,0.35822,0.45732,0.46279,0.30196,0.41416,0.41619,0.30374,0.38588,0.37889,0.36856,0.33153,0.4141,0.32411,0.3475,0.31446,0.3102,0.32828,0.33393,0.36177,0.45597,0.4675,0.4277,0.41082,0.35434,0.36555,0.42416,0.35435,0.43654,0.39601
0.40273,0.38637,0.39221,0.38863,0.32121,0.30047,0.40084,0.44804,0.38072,0.45557,0.36204,0.39003,0.35861,0.42647,0.41926,0.40007,0.36332,0.36203,0.3934,0.41546,0.38535,0.39077,0.36869,0.5385,0.38008,0.3857,0.43623,0.37154,0.47228,0.33602,0.31465,0.38559,0.39704,0.48784,0.37421,0.43566,0.41308,0.38652,0.3383,0.4238,0.29791,0.35995,0.31388,0.38778,0.37591,0.38114,0.45531,0,0.42445,0.29407,0.29883,0.28789,0.42686,0.36429,0.42336,0.33025,0.43515,0.4435,0.31623,0.41609,0.41765,0.43643,0.3307,0.26598,0.47617,0.46243,0.46635,0.46595,0.39874,0.44127,0.46139,0.30193,0.42511,0.30129,0.43512,0.47961,0.43864,0.45659,0.43917,0.42495,0.50353,0.34461,0.46907,0.34324,0.5178,0.43421,0.38706,0.47326,0.40889,0.42368,0.33612,0.4619,0.45023,0.46896,0.49437,0.44171,0.45112,0.43275,0.22946,0.32696,0.30432,0.37295,0.38333,0.45092,0.33752,0.44695,0.28948,0.41408
0.26282,0.24678,0.19835,0.33298,0.28095,0.19055,0.27367,0.32981,0.24663,0.32748,0.34576,0.21918,0.207,0.30117,0.2654,0.27806,0.24085,0.22675,0.21541,0.26812,0.27628,0.26472,0.26081,0.38449,0.24887,0.23245,0.26501,0.31063,0.3421,0.26266,0.28926,0.27538,0.37032,0.39895,0.29453,0.23569,0.25947,0.21616,0.2493,0.23725,0.24838,0.39153,0.21164,0.31984,0.26146,0.20299,0.34369,0.42445,0,0.44274,0.40299,0.31667,0.22085,0.28461,0.20791,0.31501,0.30323,0.21362,0.37373,0.24284,0.20183,0.24445,0.25883,0.47102,0.27825,0.34913,0.26255,0.30147,0.24134,0.29186,0.28362,0.30008,0.29752,0.34523,0.24329,0.30623,0.25346,0.29514,0.2687,0.29804,0.45543,0.4181,0.27986,0.33073,0.42286,0.25837,0.30102,0.27065,0.22135,0.23209,0.33646,0.30331,0.23955,0.2321,0.33823,0.28185,0.25881,0.21803,0.33834,0.35317,0.2965,0.35589,0.21839,0.20243,0.33092,0.32904,0.35966,0.32695
0.48117,0.42777,0.46615,0.40507,0.42997,0.38929,0.37944,0.43181,0.47803,0.50858,0.45143,0.42258,0.45359,0.4579,0.4285,0.45438,0.4333,0.42337,0.46746,0.50621,0.45664,0.43867,0.47525,0.6043,0.45005,0.46419,0.45046,0.47516,0.43408,0.36487,0.42535,0.35245,0.44451,0.54628,0.43576,0.47849,0.46517,0.41821,0.43587,0.45363,0.38845,0.46024,0.41191,0.41955,0.44146,0.46599,0.57013,0.29407,0.44274,0,0.36289,0.31566,0.47243,0.42204,0.44746,0.35335,0.53879,0.47118,0.29167,0.49369,0.47777,0.46867,0.39961,0.36871,0.51183,0.56967,0.52532,0.54801,0.47596,0.50687,0.51439,0.38709,0.53108,0.32676,0.47977,0.54622,0.50303,0.53097,0.51264,0.53205,0.55653,0.35032,0.55321,0.42424,0.60779,0.49243,0.43233,0.53788,0.4734,0.49513,0.41818,0.57421,0.50272,0.50919,0.55708,0.52428,0.52028,0.48468,0.34531,0.34604,0.36568,0.44254,0.47158,0.48233,0.39462,0.56804,0.34124,0.52267
0.41033,0.40212,0.39451,0.39726,0.33031,0.30644,0.41159,0.44434,0.4427,0.46303,0.40874,0.4189,0.38398,0.43303,0.43569,0.42993,0.41449,0.37456,0.40538,0.43619,0.43172,0.38045,0.40889,0.49536,0.40759,0.41907,0.44648,0.3955,0.45725,0.37031,0.37694,0.39783,0.39325,0.49078,0.37212,0.41169,0.42507,0.39807,0.41502,0.43396,0.33261,0.38985,0.36282,0.38819,0.41577,0.40527,0.4703,0.29883,0.40299,0.36289,0,0.26224,0.43925,0.3711,0.4313,0.25994,0.4441,0.44748,0.26849,0.40419,0.42331,0.45011,0.35565,0.34976,0.48713,0.46432,0.47469,0.47216,0.41097,0.42987,0.45455,0.29851,0.49278,0.2264,0.46326,0.43021,0.45092,0.44655,0.42616,0.44763,0.45093,0.30678,0.45326,0.34808,0.51214,0.44798,0.37311,0.47163,0.42781,0.42922,0.32211,0.46413,0.44746,0.44112,0.48604,0.45525,0.45771,0.44857,0.29642,0.28465,0.27947,0.35585,0.39095,0.4569,0.30617,0.43095,0.2559,0.3787
0.37177,0.32482,0.34764,0.38817,0.34778,0.28891,0.33498,0.3796,0.39859,0.41329,0.37469,0.32079,0.30372,0.36188,0.36068,0.37986,0.32629,0.35507,0.37646,0.37311,0.37529,0.36658,0.36116,0.51487,0.36853,0.3627,0.38699,0.38615,0.39096,0.29096,0.3096,0.32538,0.41001,0.4762,0.34984,0.41116,0.35691,0.32736,0.33494,0.37098,0.29895,0.40507,0.30176,0.36501,0.32689,0.33759,0.44766,0.28789,0.31667,0.31566,0.26224,0,0.3908,0.3652,0.37746,0.3201,0.48861,0.40272,0.3152,0.41097,0.39093,0.39059,0.3431,0.35226,0.44724,0.47807,0.45428,0.46566,0.37167,0.45863,0.41544,0.35027,0.45711,0.30289,0.41538,0.46672,0.42694,0.45833,0.44104,0.46125,0.56431,0.35978,0.45874,0.40655,0.57701,0.41476,0.40304,0.45453,0.42937,0.41221,0.38502,0.46378,0.43169,0.43395,0.48333,0.46298,0.44886,0.40353,0.34374,0.31532,0.32322,0.41884,0.38325,0.39175,0.36364,0.48985,0.32115,0.43291
0.20567,0.24252,0.21076,0.30805,0.26358,0.19193,0.27244,0.33092,0.31898,0.35921,0.31724,0.20756,0.23172,0.29165,0.22801,0.2348,0.19956,0.23837,0.20299,0.29895,0.24703,0.22077,0.24002,0.40988,0.20189,0.21272,0.23714,0.31443,0.30515,0.2685,0.30015,0.23413,0.33142,0.38614,0.28093,0.30178,0.32563,0.25598,0.2783,0.27017,0.23435,0.38336,0.21973,0.32152,0.21409,0.2218,0.32663,0.42686,0.22085,0.47243,0.43925,0.3908,0,0.27873,0.17012,0.30693,0.30724,0.21928,0.38495,0.20708,0.17615,0.23429,0.25381,0.44848,0.29969,0.31809,0.2741,0.26831,0.2001,0.24774,0.29721,0.29231,0.30094,0.3492,0.21498,0.36433,0.20564,0.26732,0.25908,0.269,0.45012,0.4005,0.26554,0.3379,0.45612,0.20492,0.29269,0.27948,0.23164,0.21232,0.35151,0.29949,0.23079,0.26146,0.30359,0.26584,0.26707,0.20028,0.34514,0.35966,0.31903,0.36513,0.19316,0.21406,0.35633,0.32506,0.34577,0.3626
0.32607,0.29334,0.27061,0.2629,0.25105,0.26052,0.33459,0.33932,0.37451,0.36603,0.365,0.27067,0.27172,0.29952,0.29153,0.30953,0.33343,0.27355,0.26927,0.32577,0.32618,0.32092,0.314,0.51177,0.29765,0.27936,0.27881,0.32197,0.35978,0.23414,0.34883,0.31072,0.3734,0.44018,0.29651,0.35484,0.31547,0.24929,0.29283,0.30582,0.26519,0.41514,0.28064,0.27618,0.26678,0.28719,0.38741,0.36429,0.28461,0.42204,0.3711,0.3652,0.27873,0,0.26529,0.23139,0.38405,0.2771,0.33306,0.32595,0.29288,0.25083,0.25862,0.38296,0.39497,0.41369,0.34507,0.39791,0.31227,0.36869,0.32809,0.31081,0.39336,0.28978,0.26469,0.40617,0.32604,0.34137,0.31029,0.37374,0.48971,0.34758,0.37175,0.33382,0.50479,0.33142,0.30717,0.37163,0.30442,0.33694,0.36937,0.40268,0.33507,0.3376,0.40796,0.3742,0.34918,0.31092,0.32722,0.28844,0.2916,0.3851,0.29339,0.31653,0.31054,0.4098,0.30746,0.38877
0.22956,0.21774,0.19658,0.29446,0.24918,0.18769,0.27583,0.3212,0.30104,0.35648,0.33843,0.18621,0.20534,0.32244,0.23998,0.2654,0.20713,0.19034,0.15593,0.26637,0.27021,0.26966,0.24453,0.44422,0.22642,0.22621,0.24962,0.30978,0.33624,0.26414,0.29977,0.2529,0.36115,0.41381,0.28364,0.27823,0.27429,0.21714,0.23515,0.21319,0.23818,0.3779,0.18639,0.31002,0.21913,0.23773,0.37519,0.42336,0.20791,0.44746,0.4313,0.37746,0.17012,0.26529,0,0.34078,0.32018,0.19371,0.41889,0.25335,0.22378,0.25669,0.23829,0.53041,0.2737,0.34962,0.28959,0.29459,0.25987,0.26916,0.30039,0.30465,0.30386,0.39875,0.22368,0.32155,0.23152,0.25709,0.27978,0.26549,0.4138,0.44854,0.28317,0.37189,0.46193,0.23851,0.2788,0.2623,0.22139,0.20208,0.37651,0.28354,0.2241,0.2202,0.3503,0.24752,0.26708,0.17593,0.39057,0.3986,0.31354,0.33312,0.20079,0.19073,0.36887,0.30567,0.40683,0.36037
0.35762,0.3416,0.33617,0.32479,0.31986,0.27144,0.33914,0.3823,0.40947,0.39777,0.36441,0.32147,0.30965,0.32627,0.32821,0.3535,0.33956,0.32284,0.33537,0.36787,0.36469,0.34773,0.33859,0.49626,0.33419,0.34915,0.3489,0.35519,0.38872,0.31627,0.36647,0.32633,0.37608,0.48999,0.34137,0.39235,0.37385,0.33296,0.3695,0.35937,0.31388,0.38525,0.30705,0.31227,0.3192,0.34553,0.42714,0.33025,0.31501,0.35335,0.25994,0.3201,0.30693,0.23139,0.34078,0,0.39475,0.3762,0.26283,0.34927,0.34165,0.35025,0.25899,0.34585,0.41936,0.41868,0.38108,0.40749,0.32803,0.35947,0.38012,0.2793,0.42582,0.24159,0.34965,0.41023,0.37139,0.38362,0.36622,0.38812,0.51793,0.26159,0.3856,0.2982,0.48856,0.34621,0.30875,0.41935,0.34165,0.35706,0.29673,0.42006,0.37137,0.38319,0.41474,0.39836,0.38519,0.36707,0.30514,0.22256,0.24308,0.31777,0.31006,0.37858,0.25284,0.41697,0.25144,0.35887
0.34417,0.30423,0.2971,0.25091,0.33571,0.28867,0.35685,0.33584,0.34575,0.34454,0.33409,0.31477,0.25996,0.31274,0.30348,0.3538,0.31057,0.31735,0.34423,0.36179,0.30235,0.32001,0.25153,0.41668,0.28907,0.30434,0.32595,0.24741,0.36249,0.33734,0.25106,0.31893,0.27199,0.40813,0.25674,0.36131,0.38922,0.24517,0.27801,0.30339,0.29613,0.27741,0.34476,0.36078,0.24914,0.3098,0.33322,0.43515,0.30323,0.53879,0.4441,0.48861,0.30724,0.38405,0.32018,0.39475,0,0.29593,0.38304,0.21828,0.27994,0.30719,0.29987,0.43326,0.33834,0.28248,0.27734,0.24333,0.29117,0.25444,0.3777,0.3022,0.34156,0.35759,0.29249,0.31595,0.29992,0.23541,0.23116,0.19026,0.40175,0.39907,0.23874,0.30125,0.35493,0.30934,0.32581,0.29932,0.22405,0.28004,0.30358,0.27676,0.28588,0.29921,0.31311,0.28415,0.23109,0.28188,0.31943,0.32015,0.34402,0.32432,0.24049,0.34653,0.34395,0.25336,0.33761,0.26865
0.21971,0.2485,0.21309,0.31302,0.27212,0.19754,0.26455,0.30624,0.3198,0.32665,0.31602,0.21117,0.24913,0.32116,0.21821,0.25962,0.22425,0.22703,0.22365,0.32815,0.23007,0.26561,0.2425,0.44303,0.24235,0.22835,0.25705,0.28948,0.37069,0.27079,0.27974,0.25061,0.35512,0.36344,0.29769,0.25363,0.28216,0.2156,0.23288,0.22716,0.23165,0.3903,0.23354,0.32354,0.24168,0.24721,0.37863,0.4435,0.21362,0.47118,0.44748,0.40272,0.21928,0.2771,0.19371,0.3762,0.29593,0,0.43269,0.26859,0.23466,0.26308,0.29067,0.51746,0.30464,0.35377,0.32536,0.32593,0.28535,0.30673,0.34232,0.3154,0.28893,0.42274,0.23829,0.36843,0.2348,0.27723,0.30127,0.26238,0.44271,0.46936,0.3087,0.3784,0.46123,0.27462,0.33346,0.26237,0.22449,0.26598,0.3963,0.31246,0.2341,0.27687,0.37256,0.29835,0.27026,0.20826,0.40306,0.43858,0.36437,0.37194,0.21978,0.21274,0.39282,0.32345,0.43136,0.38731
0.45961,0.40183,0.40283,0.39032,0.34059,0.30423,0.36237,0.40635,0.41322,0.4541,0.41731,0.39751,0.36905,0.3896,0.4079,0.45632,0.39793,0.40139,0.42717,0.39722,0.43811,0.39948,0.40566,0.545,0.42249,0.40588,0.40696,0.42893,0.34404,0.30888,0.37354,0.33305,0.42941,0.51745,0.37995,0.46013,0.40071,0.3802,0.38808,0.4009,0.34732,0.38708,0.35483,0.36827,0.36967,0.38995,0.45369,0.31623,0.37373,0.29167,0.26849,0.3152,0.38495,0.33306,0.41889,0.26283,0.38304,0.43269,0,0.46424,0.42758,0.41342,0.37536,0.3494,0.44747,0.52359,0.43503,0.51032,0.42122,0.49928,0.43978,0.3723,0.50253,0.26615,0.43249,0.46157,0.44806,0.45757,0.46978,0.49811,0.53934,0.26868,0.4739,0.40173,0.55961,0.44086,0.38536,0.45349,0.44097,0.42434,0.36239,0.47231,0.44623,0.43533,0.48258,0.46251,0.46747,0.44846,0.33242,0.29031,0.28888,0.36239,0.41573,0.43693,0.29901,0.49528,0.32209,0.46943
0.27106,0.25297,0.2434,0.25991,0.27669,0.24107,0.31,0.35156,0.32683,0.34835,0.33518,0.24618,0.2328,0.29961,0.26587,0.28635,0.24824,0.26452,0.26715,0.32415,0.27127,0.26672,0.23892,0.40604,0.24079,0.2679,0.28647,0.27132,0.34373,0.28481,0.27723,0.26782,0.27839,0.4006,0.26756,0.30821,0.33856,0.22335,0.26427,0.28139,0.23902,0.34153,0.2784,0.35574,0.21559,0.27498,0.34276,0.41609,0.24284,0.49369,0.40419,0.41097,0.20708,0.32595,0.25335,0.34927,0.21828,0.26859,0.46424,0,0.22493,0.25869,0.25905,0.39278,0.28801,0.27379,0.29554,0.24733,0.22438,0.20643,0.32945,0.23338,0.27931,0.32947,0.25931,0.32014,0.25123,0.25196,0.23406,0.23198,0.41358,0.38601,0.24166,0.29552,0.39937,0.25585,0.27132,0.26886,0.2161,0.2068,0.31377,0.24501,0.24945,0.27356,0.29414,0.2779,0.25461,0.21195,0.32576,0.32928,0.28803,0.29675,0.21954,0.26786,0.32588,0.2696,0.33605,0.28233
0.25331,0.23988,0.21756,0.3137,0.24435,0.20627,0.26293,0.28861,0.32374,0.35728,0.34043,0.21373,0.21816,0.31006,0.25895,0.24071,0.23445,0.24299,0.22041,0.31064,0.26216,0.27248,0.24201,0.43154,0.24292,0.23871,0.26465,0.32253,0.3189,0.24213,0.29997,0.246,0.3308,0.3918,0.27902,0.30837,0.31511,0.24221,0.29684,0.27233,0.23867,0.40401,0.21721,0.31721,0.24402,0.21975,0.32726,0.41765,0.20183,0.47777,0.42331,0.39093,0.17615,0.29288,0.22378,0.34165,0.27994,0.23466,0.42758,0.22493,0,0.25473,0.28061,0.43655,0.31491,0.2964,0.29698,0.27799,0.22422,0.28397,0.32829,0.30447,0.29329,0.35198,0.26089,0.3432,0.24184,0.29917,0.28587,0.2912,0.46566,0.4136,0.28519,0.34137,0.45848,0.25226,0.32428,0.29834,0.24363,0.23463,0.3535,0.29201,0.25724,0.26589,0.33774,0.2718,0.2792,0.23632,0.33968,0.33427,0.30822,0.36997,0.2151,0.25795,0.37351,0.31968,0.34595,0.35953
0.2846,0.2698,0.22678,0.28864,0.27362,0.23508,0.29684,0.33911,0.36394,0.37268,0.37504,0.24676,0.24294,0.29751,0.27885,0.27644,0.26026,0.25916,0.24336,0.28487,0.29737,0.28344,0.28522,0.46097,0.25263,0.23429,0.24128,0.33597,0.32198,0.27467,0.33884,0.27655,0.3649,0.41953,0.2926,0.32703,0.31127,0.24698,0.29239,0.29669,0.27114,0.44913,0.26908,0.29248,0.23703,0.23775,0.37825,0.43643,0.24445,0.46867,0.45011,0.39059,0.23429,0.25083,0.25669,0.35025,0.30719,0.26308,0.41342,0.25869,0.25473,0,0.28747,0.40615,0.3046,0.38063,0.30464,0.34345,0.25216,0.32328,0.30126,0.33447,0.3668,0.3585,0.24764,0.36794,0.26754,0.32069,0.32131,0.35544,0.46724,0.43052,0.309,0.38465,0.49907,0.26671,0.33484,0.31513,0.27664,0.26964,0.39837,0.34269,0.28198,0.28139,0.35243,0.33299,0.30023,0.24823,0.3795,0.35437,0.34742,0.38217,0.26248,0.2635,0.38467,0.38604,0.3955,0.3848
0.32816,0.29843,0.28581,0.32962,0.27487,0.25249,0.35187,0.39373,0.36998,0.41523,0.37372,0.25996,0.26058,0.36643,0.3239,0.34929,0.26503,0.27792,0.23873,0.3129,0.35554,0.35039,0.32858,0.47752,0.31501,0.32898,0.34608,0.36546,0.40396,0.28728,0.33437,0.34028,0.42053,0.45532,0.34274,0.35608,0.33661,0.2685,0.27135,0.27848,0.29566,0.37543,0.24676,0.3488,0.30093,0.31336,0.42428,0.3307,0.25883,0.39961,0.35565,0.3431,0.25381,0.25862,0.23829,0.25899,0.29987,0.29067,0.37536,0.25905,0.28061,0.28747,0,0.34317,0.36641,0.47161,0.41955,0.44282,0.37574,0.40039,0.41208,0.34053,0.40313,0.32778,0.38166,0.40644,0.38983,0.41178,0.39739,0.39888,0.51719,0.38955,0.42473,0.37473,0.52184,0.39732,0.33721,0.36124,0.3536,0.35485,0.36835,0.39849,0.37813,0.36808,0.45405,0.38583,0.40473,0.34279,0.34945,0.33168,0.34323,0.39983,0.34467,0.34794,0.34185,0.41379,0.35687,0.39638
0.46931,0.51666,0.51577,0.4651,0.41718,0.43336,0.47596,0.4943,0.50525,0.5617,0.46449,0.51431,0.49896,0.52371,0.50356,0.50141,0.44351,0.48292,0.51243,0.51614,0.48871,0.48808,0.50074,0.59825,0.47231,0.49566,0.53507,0.48211,0.52091,0.43607,0.45513,0.48463,0.48291,0.55935,0.47221,0.51644,0.51634,0.50132,0.45848,0.52915,0.43562,0.43958,0.4407,0.4958,0.53079,0.50173,0.56614,0.26598,0.47102,0.36871,0.34976,0.35226,0.44848,0.38296,0.53041,0.34585,0.43326,0.51746,0.3494,0.39278,0.43655,0.40615,0.34317,0,0.57715,0.6002,0.61377,0.60885,0.55323,0.59049,0.5914,0.45531,0.51323,0.39703,0.58162,0.58202,0.60271,0.63191,0.58622,0.56447,0.59424,0.44359,0.61874,0.49168,0.61284,0.59548,0.53494,0.59018,0.56242,0.58023,0.4908,0.60125,0.58421,0.59852,0.60016,0.59031,0.60908,0.59099,0.37131,0.41876,0.47226,0.5208,0.55111,0.57969,0.4726,0.59278,0.43141,0.56462
0.33231,0.32402,0.27869,0.34926,0.30218,0.28182,0.36345,0.42981,0.3196,0.42717,0.42392,0.31384,0.26669,0.39416,0.36921,0.39725,0.28516,0.32306,0.29442,0.26787,0.36792,0.35541,0.34501,0.38752,0.36248,0.3426,0.37278,0.38474,0.36282,0.3247,0.33391,0.35542,0.4367,0.45193,0.35861,0.36009,0.36755,0.29788,0.2384,0.31744,0.32348,0.37848,0.31905,0.41619,0.3124,0.33666,0.40571,0.47617,0.27825,0.51183,0.48713,0.44724,0.29969,0.39497,0.2737,0.41936,0.33834,0.30464,0.44747,0.28801,0.31491,0.3046,0.36641,0.57715,0,0.42535,0.34518,0.35802,0.34757,0.3395,0.35963,0.34991,0.33815,0.43896,0.33544,0.29772,0.35131,0.33769,0.32543,0.35588,0.38817,0.48126,0.34908,0.38147,0.42599,0.37236,0.3068,0.26188,0.32311,0.27513,0.38609,0.27546,0.32049,0.29628,0.34609,0.31303,0.33393,0.27541,0.4291,0.44987,0.38361,0.36889,0.30876,0.30476,0.41617,0.33505,0.4692,0.356
0.34884,0.27675,0.3023,0.31168,0.35439,0.29025,0.31726,0.30586,0.37876,0.32158,0.36886,0.32221,0.28385,0.31749,0.32561,0.30903,0.32728,0.32177,0.35959,0.36239,0.30163,0.32042,0.24936,0.45877,0.29413,0.29759,0.3466,0.25323,0.37199,0.34181,0.3259,0.31588,0.26515,0.41326,0.26709,0.36084,0.39247,0.30856,0.35538,0.32703,0.30683,0.40469,0.33884,0.40335,0.28686,0.29759,0.35175,0.46243,0.34913,0.56967,0.46432,0.47807,0.31809,0.41369,0.34962,0.41868,0.28248,0.35377,0.52359,0.27379,0.2964,0.38063,0.47161,0.6002,0.42535,0,0.32061,0.24693,0.26631,0.29266,0.38617,0.34102,0.37001,0.41357,0.32186,0.36137,0.32119,0.29832,0.30629,0.27037,0.46124,0.45965,0.27303,0.37476,0.42503,0.31386,0.37463,0.39286,0.29963,0.31441,0.39337,0.32657,0.34726,0.34371,0.38174,0.34027,0.30559,0.33451,0.41527,0.40861,0.35944,0.38139,0.30152,0.37064,0.38837,0.32543,0.40376,0.34563
0.2884,0.27275,0.21447,0.29445,0.27129,0.20301,0.23348,0.29261,0.35003,0.36671,0.29632,0.26483,0.22459,0.23831,0.25974,0.27866,0.23441,0.23827,0.26427,0.26869,0.25929,0.25361,0.23415,0.41098,0.25005,0.20761,0.22989,0.2968,0.22142,0.25746,0.26484,0.22174,0.32822,0.36968,0.2352,0.33813,0.32673,0.23281,0.27247,0.28514,0.25216,0.35772,0.27172,0.30289,0.2288,0.19946,0.28843,0.46635,0.26255,0.52532,0.47469,0.45428,0.2741,0.34507,0.28959,0.38108,0.27734,0.32536,0.43503,0.29554,0.29698,0.30464,0.41955,0.61377,0.34518,0.32061,0,0.24809,0.25397,0.27948,0.30131,0.31297,0.31874,0.34771,0.21314,0.29555,0.22257,0.23772,0.25085,0.26909,0.42335,0.39058,0.23344,0.32512,0.39676,0.24253,0.31365,0.29375,0.24338,0.24654,0.37591,0.26775,0.23671,0.23315,0.27784,0.23855,0.23935,0.24414,0.36221,0.35398,0.29952,0.33128,0.23296,0.26103,0.36542,0.28153,0.35514,0.33458
0.28997,0.24448,0.25933,0.25934,0.31954,0.23707,0.28518,0.27493,0.34603,0.34512,0.32595,0.26794,0.21843,0.29085,0.25786,0.26258,0.27029,0.2722,0.31029,0.3319,0.26578,0.26478,0.20525,0.40659,0.21667,0.23596,0.28018,0.27039,0.30914,0.32612,0.26416,0.25148,0.2187,0.39,0.20587,0.34825,0.39808,0.25712,0.30139,0.26831,0.26911,0.34624,0.30007,0.34453,0.21593,0.24848,0.29886,0.46595,0.30147,0.54801,0.47216,0.46566,0.26831,0.39791,0.29459,0.40749,0.24333,0.32593,0.51032,0.24733,0.27799,0.34345,0.44282,0.60885,0.35802,0.24693,0.24809,0,0.25813,0.21984,0.36422,0.31721,0.32707,0.38809,0.25679,0.30254,0.23357,0.22759,0.23998,0.21223,0.4289,0.41524,0.2063,0.36776,0.42032,0.26538,0.29188,0.30372,0.24137,0.23852,0.36982,0.25683,0.25642,0.25361,0.31739,0.2503,0.21817,0.22281,0.40067,0.35803,0.32789,0.35553,0.23598,0.29307,0.38714,0.24722,0.35431,0.29814
0.24182,0.26511,0.24472,0.36324,0.29142,0.21596,0.27445,0.34846,0.36617,0.33496,0.32505,0.25646,0.24773,0.27591,0.26847,0.25569,0.24003,0.25569,0.25222,0.34506,0.25464,0.27604,0.25087,0.45087,0.26367,0.25648,0.30109,0.31828,0.34445,0.26303,0.30313,0.26584,0.32607,0.38632,0.32236,0.31324,0.32021,0.26704,0.29834,0.30809,0.23479,0.40416,0.23346,0.36679,0.25731,0.24719,0.34498,0.39874,0.24134,0.47596,0.41097,0.37167,0.2001,0.31227,0.25987,0.32803,0.29117,0.28535,0.42122,0.22438,0.22422,0.25216,0.37574,0.55323,0.34757,0.26631,0.25397,0.25813,0,0.2918,0.33841,0.30775,0.33326,0.37283,0.26586,0.38891,0.25303,0.3169,0.30781,0.30119,0.48258,0.41809,0.28474,0.34757,0.49107,0.23114,0.3492,0.32444,0.28077,0.25881,0.34672,0.31993,0.29022,0.30775,0.34948,0.31515,0.31477,0.25562,0.33733,0.36432,0.32288,0.38777,0.22878,0.2494,0.37565,0.35238,0.34595,0.38087
0.29118,0.22888,0.23036,0.22658,0.29713,0.23211,0.29356,0.32628,0.34045,0.33657,0.31378,0.22958,0.20682,0.27839,0.25996,0.27465,0.25068,0.24878,0.26546,0.31725,0.28314,0.23823,0.22346,0.40847,0.21887,0.22925,0.26146,0.22932,0.33316,0.32017,0.26864,0.24397,0.24099,0.43839,0.21804,0.31085,0.3342,0.22815,0.2646,0.24705,0.23883,0.31852,0.2899,0.33833,0.20279,0.25455,0.3352,0.44127,0.29186,0.50687,0.42987,0.45863,0.24774,0.36869,0.26916,0.35947,0.25444,0.30673,0.49928,0.20643,0.28397,0.32328,0.40039,0.59049,0.3395,0.29266,0.27948,0.21984,0.2918,0,0.33871,0.30712,0.33835,0.3441,0.28309,0.30982,0.25014,0.23787,0.23225,0.22661,0.42489,0.40565,0.23496,0.34228,0.39318,0.25486,0.28691,0.26418,0.23962,0.22133,0.34006,0.2525,0.25305,0.23402,0.29711,0.27527,0.23957,0.21002,0.34421,0.35137,0.30278,0.33327,0.24305,0.23765,0.37186,0.25944,0.33283,0.28714
0.33432,0.28938,0.25775,0.35071,0.32755,0.2745,0.35156,0.38855,0.27406,0.33594,0.39906,0.2736,0.27735,0.31924,0.32991,0.30789,0.31379,0.27579,0.25958,0.28425,0.35882,0.29409,0.31961,0.42357,0.30351,0.28203,0.27767,0.36667,0.33253,0.32133,0.38101,0.32302,0.40964,0.45415,0.33265,0.2877,0.2489,0.27664,0.32909,0.30646,0.3167,0.44457,0.28602,0.33921,0.30511,0.25245,0.34378,0.46139,0.28362,0.51439,0.45455,0.41544,0.29721,0.32809,0.30039,0.38012,0.3777,0.34232,0.43978,0.32945,0.32829,0.30126,0.41208,0.5914,0.35963,0.38617,0.30131,0.36422,0.33841,0.33871,0,0.37884,0.37678,0.38166,0.29959,0.33096,0.30584,0.33549,0.29716,0.39054,0.42909,0.46386,0.32249,0.39496,0.43616,0.29836,0.30294,0.34208,0.31333,0.29316,0.37681,0.31601,0.30185,0.27198,0.37163,0.31825,0.32915,0.29744,0.404,0.40759,0.32846,0.36739,0.29342,0.27455,0.38252,0.36838,0.40164,0.35399
0.35381,0.29751,0.3244,0.31949,0.29269,0.2966,0.36065,0.41066,0.33866,0.3751,0.3844,0.33618,0.29637,0.38115,0.35349,0.3568,0.30349,0.32038,0.34922,0.40014,0.32571,0.35309,0.31038,0.47438,0.34309,0.33928,0.39519,0.3366,0.45331,0.30684,0.30964,0.35756,0.38265,0.43336,0.34028,0.3345,0.3619,0.27871,0.29571,0.32165,0.28662,0.36031,0.31294,0.36783,0.33844,0.35602,0.42046,0.30193,0.30008,0.38709,0.29851,0.35027,0.29231,0.31081,0.30465,0.2793,0.3022,0.3154,0.3723,0.23338,0.30447,0.33447,0.34053,0.45531,0.34991,0.34102,0.31297,0.31721,0.30775,0.30712,0.37884,0,0.346,0.2951,0.34629,0.37016,0.3732,0.37232,0.36481,0.34159,0.49208,0.39071,0.39719,0.28548,0.48571,0.39066,0.28516,0.36637,0.33671,0.33713,0.28623,0.36616,0.35563,0.37388,0.445,0.36738,0.37219,0.3367,0.27791,0.34564,0.28651,0.29146,0.31418,0.33938,0.30785,0.35315,0.3236,0.3093
0.33924,0.31026,0.31383,0.35376,0.34949,0.31999,0.32132,0.39236,0.3933,0.43015,0.42938,0.28026,0.30302,0.42077,0.35814,0.38016,0.32412,0.3373,0.32937,0.36861,0.35453,0.38453,0.36268,0.48465,0.34567,0.33941,0.37918,0.385,0.4278,0.38588,0.35812,0.36229,0.40585,0.46553,0.35794,0.31388,0.35899,0.29082,0.32762,0.3068,0.33118,0.41905,0.33051,0.42766,0.35116,0.37704,0.46887,0.42511,0.29752,0.53108,0.49278,0.45711,0.30094,0.39336,0.30386,0.42582,0.34156,0.28893,0.50253,0.27931,0.29329,0.3668,0.40313,0.51323,0.33815,0.37001,0.31874,0.32707,0.33326,0.33835,0.37678,0.346,0,0.47499,0.35019,0.38523,0.40104,0.40726,0.37376,0.37378,0.49303,0.53091,0.41597,0.44338,0.51044,0.41604,0.39841,0.36114,0.35868,0.34204,0.44627,0.3871,0.38049,0.36718,0.49012,0.37059,0.39611,0.32079,0.42186,0.46522,0.39919,0.42264,0.3555,0.35116,0.43995,0.38117,0.48185,0.42868
0.41273,0.39766,0.39404,0.38421,0.27355,0.30586,0.42198,0.42539,0.40865,0.42291,0.38053,0.36295,0.33817,0.42317,0.40637,0.39534,0.38401,0.33878,0.40175,0.40322,0.41779,0.3992,0.40246,0.54454,0.37779,0.39368,0.40334,0.39955,0.47383,0.35029,0.33943,0.39921,0.40506,0.49177,0.34131,0.42183,0.3716,0.33371,0.37289,0.38874,0.31494,0.42029,0.34896,0.35882,0.38022,0.38859,0.46986,0.30129,0.34523,0.32676,0.2264,0.30289,0.3492,0.28978,0.39875,0.24159,0.35759,0.42274,0.26615,0.32947,0.35198,0.3585,0.32778,0.39703,0.43896,0.41357,0.34771,0.38809,0.37283,0.3441,0.38166,0.2951,0.47499,0,0.44895,0.45875,0.47117,0.48807,0.42291,0.44634,0.4749,0.31726,0.47455,0.34458,0.50911,0.45015,0.35649,0.48699,0.41179,0.44159,0.31493,0.47336,0.45605,0.45149,0.50199,0.4597,0.44403,0.44377,0.2694,0.27814,0.2479,0.35322,0.39235,0.44947,0.30365,0.44797,0.25844,0.3633
0.2511,0.2562,0.22772,0.30229,0.28764,0.21492,0.27801,0.28789,0.35859,0.34517,0.34629,0.24235,0.24297,0.28558,0.22276,0.22675,0.24874,0.23483,0.25068,0.3192,0.25071,0.24686,0.25422,0.44282,0.2345,0.22003,0.23782,0.31083,0.28414,0.28417,0.29569,0.22125,0.31855,0.36717,0.27679,0.29957,0.3171,0.21598,0.3115,0.28018,0.25942,0.39953,0.25113,0.30047,0.22816,0.24035,0.33395,0.43512,0.24329,0.47977,0.46326,0.41538,0.21498,0.26469,0.22368,0.34965,0.29249,0.23829,0.43249,0.25931,0.26089,0.24764,0.38166,0.58162,0.33544,0.32186,0.21314,0.25679,0.26586,0.28309,0.29959,0.34629,0.35019,0.44895,0,0.36534,0.24742,0.26957,0.26052,0.28553,0.46495,0.36896,0.31706,0.33491,0.47294,0.24203,0.29999,0.32851,0.21647,0.29114,0.369,0.35631,0.25714,0.27885,0.37187,0.2949,0.28497,0.23857,0.35618,0.33788,0.30001,0.37778,0.24799,0.2421,0.34471,0.36738,0.35324,0.3738
0.40171,0.29449,0.29003,0.32909,0.28571,0.28565,0.36297,0.4014,0.30207,0.40905,0.42426,0.30707,0.22527,0.38239,0.37809,0.3857,0.34506,0.28223,0.31285,0.29181,0.39552,0.36392,0.3529,0.42083,0.36141,0.33027,0.36068,0.36443,0.38132,0.3068,0.35248,0.35898,0.41683,0.48588,0.31509,0.31736,0.31481,0.25092,0.27248,0.26734,0.30465,0.36477,0.33329,0.38768,0.33229,0.33765,0.37627,0.47961,0.30623,0.54622,0.43021,0.46672,0.36433,0.40617,0.32155,0.41023,0.31595,0.36843,0.46157,0.32014,0.3432,0.36794,0.40644,0.58202,0.29772,0.36137,0.29555,0.30254,0.38891,0.30982,0.33096,0.37016,0.38523,0.45875,0.36534,0,0.35597,0.30623,0.29039,0.33655,0.41244,0.4512,0.33169,0.34654,0.37722,0.37643,0.26601,0.29249,0.30877,0.28152,0.31989,0.26053,0.3178,0.24873,0.37865,0.272,0.31854,0.28671,0.39451,0.39806,0.30732,0.30185,0.29414,0.30201,0.33885,0.26214,0.37011,0.24366
0.19999,0.23983,0.22212,0.28331,0.26998,0.17999,0.23047,0.28816,0.29187,0.29904,0.25271,0.21398,0.23662,0.26099,0.17553,0.21731,0.2218,0.20578,0.23388,0.32,0.18622,0.20193,0.20126,0.37368,0.19476,0.2011,0.20522,0.27672,0.30339,0.26288,0.26075,0.1999,0.26755,0.33424,0.24954,0.29341,0.31681,0.24354,0.25715,0.23019,0.19903,0.34797,0.22801,0.29017,0.19408,0.20112,0.312,0.43864,0.25346,0.50303,0.45092,0.42694,0.20564,0.32604,0.23152,0.37139,0.29992,0.2348,0.44806,0.25123,0.24184,0.26754,0.38983,0.60271,0.35131,0.32119,0.22257,0.23357,0.25303,0.25014,0.30584,0.3732,0.40104,0.47117,0.24742,0.35597,0,0.2196,0.24351,0.23227,0.41095,0.31715,0.24251,0.28692,0.43412,0.19176,0.27286,0.25136,0.19263,0.22549,0.32111,0.27694,0.18167,0.22198,0.29042,0.23093,0.22497,0.19809,0.30219,0.30309,0.26532,0.33456,0.17113,0.20405,0.31577,0.28188,0.29074,0.35061
0.28472,0.23134,0.21564,0.21957,0.28978,0.20737,0.29109,0.30343,0.27665,0.32127,0.29988,0.26221,0.18703,0.27907,0.23392,0.28445,0.25966,0.21996,0.27968,0.29333,0.27635,0.24352,0.21347,0.37385,0.22687,0.21863,0.24974,0.22894,0.30016,0.27168,0.25764,0.2475,0.2797,0.36227,0.199,0.29949,0.30931,0.22136,0.2244,0.21421,0.23988,0.30742,0.26948,0.30849,0.19386,0.2396,0.31331,0.45659,0.29514,0.53097,0.44655,0.45833,0.26732,0.34137,0.25709,0.38362,0.23541,0.27723,0.45757,0.25196,0.29917,0.32069,0.41178,0.63191,0.33769,0.29832,0.23772,0.22759,0.3169,0.23787,0.33549,0.37232,0.40726,0.48807,0.26957,0.30623,0.2196,0,0.18769,0.19312,0.38803,0.43226,0.20943,0.3416,0.3662,0.25185,0.25429,0.21808,0.18418,0.20201,0.35092,0.2124,0.20412,0.20839,0.27212,0.1983,0.18488,0.18969,0.38575,0.40442,0.30804,0.32101,0.20501,0.2418,0.3521,0.20912,0.38024,0.28147
0.29481,0.24632,0.20582,0.22452,0.27755,0.2163,0.28798,0.28911,0.29871,0.28691,0.33503,0.23718,0.202,0.2676,0.23269,0.27082,0.26222,0.20987,0.26228,0.30373,0.27947,0.2343,0.23704,0.41209,0.20916,0.22751,0.24198,0.23724,0.31472,0.29397,0.27111,0.25236,0.27833,0.39115,0.20057,0.29177,0.28249,0.16757,0.24069,0.2174,0.21659,0.30182,0.27877,0.31211,0.20133,0.24178,0.33089,0.43917,0.2687,0.51264,0.42616,0.44104,0.25908,0.31029,0.27978,0.36622,0.23116,0.30127,0.46978,0.23406,0.28587,0.32131,0.39739,0.58622,0.32543,0.30629,0.25085,0.23998,0.30781,0.23225,0.29716,0.36481,0.37376,0.42291,0.26052,0.29039,0.24351,0.18769,0,0.20669,0.36854,0.40662,0.22597,0.29494,0.35016,0.26219,0.24844,0.22917,0.1712,0.23401,0.3056,0.24133,0.21263,0.18688,0.30481,0.22415,0.19145,0.18035,0.34692,0.34941,0.30176,0.2964,0.18537,0.20909,0.32899,0.22319,0.34319,0.25172
0.2891,0.27571,0.27919,0.27595,0.32064,0.23735,0.29703,0.29753,0.32061,0.31724,0.2988,0.27266,0.24237,0.31897,0.23896,0.30845,0.27583,0.28139,0.30134,0.38073,0.25444,0.28107,0.2369,0.4037,0.26289,0.26765,0.3079,0.21888,0.37055,0.32071,0.2096,0.26749,0.25544,0.36752,0.22708,0.33959,0.36913,0.23259,0.25373,0.2388,0.23441,0.28862,0.31505,0.35604,0.23304,0.29603,0.35822,0.42495,0.29804,0.53205,0.44763,0.46125,0.269,0.37374,0.26549,0.38812,0.19026,0.26238,0.49811,0.23198,0.2912,0.35544,0.39888,0.56447,0.35588,0.27037,0.26909,0.21223,0.30119,0.22661,0.39054,0.34159,0.37378,0.44634,0.28553,0.33655,0.23227,0.19312,0.20669,0,0.42299,0.40112,0.26808,0.29443,0.39985,0.28596,0.28045,0.27388,0.22188,0.26072,0.32439,0.2743,0.23256,0.27466,0.33411,0.25626,0.23117,0.24068,0.31656,0.33401,0.32235,0.32896,0.21393,0.28083,0.30406,0.24541,0.32721,0.29906
0.42846,0.42943,0.4003,0.36727,0.41892,0.40115,0.46768,0.47184,0.34251,0.45787,0.48873,0.4314,0.37572,0.46804,0.41948,0.44378,0.43009,0.39516,0.41447,0.41166,0.45179,0.41656,0.41807,0.4336,0.42208,0.41721,0.42386,0.36468,0.43176,0.43801,0.43195,0.40254,0.472,0.46405,0.38138,0.43762,0.44509,0.40383,0.36369,0.35253,0.40478,0.37006,0.46831,0.44887,0.38877,0.45122,0.45732,0.50353,0.45543,0.55653,0.45093,0.56431,0.45012,0.48971,0.4138,0.51793,0.40175,0.44271,0.53934,0.41358,0.46566,0.46724,0.51719,0.59424,0.38817,0.46124,0.42335,0.4289,0.48258,0.42489,0.42909,0.49208,0.49303,0.4749,0.46495,0.41244,0.41095,0.38803,0.36854,0.42299,0,0.40208,0.40486,0.38202,0.3252,0.44346,0.36528,0.33739,0.39896,0.38084,0.36978,0.32523,0.37114,0.36486,0.36781,0.35511,0.35133,0.38747,0.39338,0.40086,0.41619,0.29457,0.41078,0.41956,0.39822,0.35171,0.38235,0.3481
0.45374,0.43861,0.44445,0.38452,0.35386,0.37145,0.39415,0.41308,0.48841,0.45978,0.39728,0.42464,0.4136,0.4094,0.39007,0.42226,0.39657,0.39436,0.43226,0.46652,0.42161,0.39145,0.41341,0.4764,0.37904,0.38243,0.39939,0.41637,0.42983,0.37717,0.3574,0.36087,0.41396,0.50919,0.37871,0.47761,0.44767,0.40213,0.4586,0.46257,0.32541,0.38032,0.40689,0.32934,0.40344,0.41617,0.46279,0.34461,0.4181,0.35032,0.30678,0.35978,0.4005,0.34758,0.44854,0.26159,0.39907,0.46936,0.26868,0.38601,0.4136,0.43052,0.38955,0.44359,0.48126,0.45965,0.39058,0.41524,0.41809,0.40565,0.46386,0.39071,0.53091,0.31726,0.36896,0.4512,0.31715,0.43226,0.40662,0.40112,0.40208,0,0.44478,0.39368,0.50022,0.39494,0.35223,0.45367,0.40571,0.40345,0.30519,0.45095,0.41029,0.40906,0.46785,0.41657,0.40569,0.40739,0.30941,0.20422,0.26235,0.39856,0.38955,0.42874,0.23136,0.4293,0.24108,0.46867
0.30161,0.21949,0.22396,0.2543,0.29769,0.20829,0.25564,0.27407,0.307,0.29468,0.30697,0.24457,0.21356,0.24556,0.25052,0.2819,0.25722,0.23361,0.27695,0.30186,0.24933,0.2488,0.19309,0.38569,0.22094,0.22895,0.24811,0.23841,0.30715,0.29081,0.25129,0.25961,0.22282,0.3839,0.20175,0.30645,0.34402,0.23126,0.27558,0.23051,0.24302,0.32488,0.28473,0.32464,0.20609,0.22071,0.30196,0.46907,0.27986,0.55321,0.45326,0.45874,0.26554,0.37175,0.28317,0.3856,0.23874,0.3087,0.4739,0.24166,0.28519,0.309,0.42473,0.61874,0.34908,0.27303,0.23344,0.2063,0.28474,0.23496,0.32249,0.39719,0.41597,0.47455,0.31706,0.33169,0.24251,0.20943,0.22597,0.26808,0.40486,0.44478,0,0.35882,0.3995,0.24551,0.31237,0.27708,0.21465,0.206,0.37968,0.237,0.24222,0.22642,0.29095,0.24914,0.20283,0.2208,0.41434,0.39496,0.30925,0.34628,0.2278,0.25605,0.38499,0.25958,0.37775,0.30368
0.3871,0.3586,0.34797,0.35288,0.29792,0.31931,0.37281,0.39199,0.35478,0.34084,0.33958,0.36623,0.33387,0.36091,0.34867,0.38267,0.32609,0.34556,0.35615,0.41818,0.35606,0.35837,0.32364,0.4566,0.36115,0.3602,0.37231,0.3136,0.41593,0.31172,0.27795,0.34069,0.37783,0.4452,0.32598,0.38033,0.35751,0.3078,0.31731,0.3537,0.29252,0.33139,0.34956,0.36126,0.36376,0.35896,0.41416,0.34324,0.33073,0.42424,0.34808,0.40655,0.3379,0.33382,0.37189,0.2982,0.30125,0.3784,0.40173,0.29552,0.34137,0.38465,0.37473,0.49168,0.38147,0.37476,0.32512,0.36776,0.34757,0.34228,0.39496,0.28548,0.44338,0.34458,0.33491,0.34654,0.28692,0.3416,0.29494,0.29443,0.38202,0.39368,0.35882,0,0.40331,0.3725,0.26975,0.37779,0.33129,0.38552,0.22804,0.39218,0.3456,0.38846,0.43276,0.37104,0.37011,0.36303,0.23646,0.26871,0.26846,0.26276,0.31513,0.35566,0.24747,0.3539,0.26153,0.28473
0.45304,0.40871,0.37941,0.32666,0.47291,0.41986,0.47047,0.47268,0.33765,0.39804,0.42567,0.43745,0.35508,0.41185,0.42783,0.45762,0.43824,0.39758,0.43402,0.40798,0.43105,0.41964,0.38202,0.39322,0.43729,0.42989,0.43326,0.33937,0.43145,0.44865,0.38297,0.43397,0.43706,0.48055,0.36501,0.39718,0.38803,0.3427,0.32121,0.39739,0.41687,0.30749,0.44773,0.46632,0.37483,0.42606,0.41619,0.5178,0.42286,0.60779,0.51214,0.57701,0.45612,0.50479,0.46193,0.48856,0.35493,0.46123,0.55961,0.39937,0.45848,0.49907,0.52184,0.61284,0.42599,0.42503,0.39676,0.42032,0.49107,0.39318,0.43616,0.48571,0.51044,0.50911,0.47294,0.37722,0.43412,0.3662,0.35016,0.39985,0.3252,0.50022,0.3995,0.40331,0,0.4221,0.32532,0.37006,0.34316,0.35833,0.3274,0.33835,0.34727,0.36268,0.34216,0.35681,0.33371,0.38814,0.39579,0.38489,0.38833,0.28038,0.37918,0.42601,0.3654,0.2884,0.40076,0.30332
0.21173,0.26127,0.23147,0.30924,0.277,0.22018,0.26187,0.31296,0.35771,0.32756,0.2921,0.24359,0.25292,0.24468,0.20533,0.20632,0.22861,0.23225,0.22371,0.33089,0.22257,0.21116,0.21775,0.43228,0.21017,0.20721,0.21085,0.30032,0.29051,0.27992,0.28487,0.19503,0.28887,0.37788,0.27245,0.33366,0.32254,0.27006,0.29975,0.28264,0.23742,0.37626,0.23157,0.32121,0.20537,0.20357,0.30374,0.43421,0.25837,0.49243,0.44798,0.41476,0.20492,0.33142,0.23851,0.34621,0.30934,0.27462,0.44086,0.25585,0.25226,0.26671,0.39732,0.59548,0.37236,0.31386,0.24253,0.26538,0.23114,0.25486,0.29836,0.39066,0.41604,0.45015,0.24203,0.37643,0.19176,0.25185,0.26219,0.28596,0.44346,0.39494,0.24551,0.3725,0.4221,0,0.28682,0.29264,0.24306,0.22598,0.3323,0.28866,0.23368,0.25189,0.29623,0.27084,0.25649,0.22922,0.33505,0.31609,0.2585,0.37372,0.18703,0.23234,0.33964,0.33707,0.32489,0.36387
0.34794,0.30373,0.29183,0.27745,0.27875,0.26934,0.37487,0.40336,0.30704,0.38358,0.39553,0.30521,0.25894,0.35813,0.3193,0.34281,0.33416,0.28181,0.27995,0.32041,0.36143,0.32075,0.33223,0.4001,0.31616,0.2963,0.31588,0.3402,0.3852,0.30019,0.32032,0.32889,0.38803,0.41868,0.29003,0.33718,0.31694,0.26343,0.25987,0.25383,0.26713,0.33599,0.29521,0.309,0.29987,0.32151,0.38588,0.38706,0.30102,0.43233,0.37311,0.40304,0.29269,0.30717,0.2788,0.30875,0.32581,0.33346,0.38536,0.27132,0.32428,0.33484,0.33721,0.53494,0.3068,0.37463,0.31365,0.29188,0.3492,0.28691,0.30294,0.28516,0.39841,0.35649,0.29999,0.26601,0.27286,0.25429,0.24844,0.28045,0.36528,0.35223,0.31237,0.26975,0.32532,0.28682,0,0.29781,0.31322,0.30275,0.25628,0.33307,0.30473,0.29144,0.39561,0.30081,0.33016,0.28127,0.29647,0.33034,0.26953,0.2494,0.29978,0.30082,0.25102,0.31854,0.30337,0.29669
0.30208,0.28687,0.23684,0.30025,0.29809,0.23115,0.33981,0.38214,0.27028,0.37727,0.36984,0.28765,0.23273,0.38126,0.3014,0.34726,0.28657,0.24772,0.27321,0.31128,0.32638,0.29784,0.29048,0.37587,0.29738,0.31215,0.32533,0.30564,0.36704,0.31545,0.27464,0.30645,0.37656,0.40846,0.30871,0.29455,0.33706,0.25142,0.17896,0.21792,0.24949,0.33522,0.29847,0.39276,0.28191,0.31225,0.37889,0.47326,0.27065,0.53788,0.47163,0.45453,0.27948,0.37163,0.2623,0.41935,0.29932,0.26237,0.45349,0.26886,0.29834,0.31513,0.36124,0.59018,0.26188,0.39286,0.29375,0.30372,0.32444,0.26418,0.34208,0.36637,0.36114,0.48699,0.32851,0.29249,0.25136,0.21808,0.22917,0.27388,0.33739,0.45367,0.27708,0.37779,0.37006,0.29264,0.29781,0,0.26739,0.24281,0.36891,0.24844,0.21825,0.23559,0.31869,0.25737,0.25865,0.20259,0.39559,0.43939,0.32761,0.31306,0.25567,0.23054,0.4009,0.26586,0.40739,0.33313
0.25859,0.2471,0.21571,0.23031,0.28364,0.19707,0.2806,0.26413,0.29826,0.3003,0.31378,0.23142,0.21173,0.29762,0.2252,0.25821,0.25753,0.20706,0.25044,0.29482,0.24752,0.25451,0.23082,0.42867,0.21489,0.23149,0.23635,0.24765,0.33726,0.29149,0.25024,0.242,0.28201,0.36973,0.22801,0.28056,0.2944,0.1722,0.24816,0.19892,0.22012,0.3391,0.24379,0.29034,0.21382,0.2404,0.36856,0.40889,0.22135,0.4734,0.42781,0.42937,0.23164,0.30442,0.22139,0.34165,0.22405,0.22449,0.44097,0.2161,0.24363,0.27664,0.3536,0.56242,0.32311,0.29963,0.24338,0.24137,0.28077,0.23962,0.31333,0.33671,0.35868,0.41179,0.21647,0.30877,0.19263,0.18418,0.1712,0.22188,0.39896,0.40571,0.21465,0.33129,0.34316,0.24306,0.31322,0.26739,0,0.25176,0.33531,0.2921,0.21535,0.23804,0.33582,0.24884,0.20214,0.19617,0.35004,0.31071,0.31151,0.30776,0.1941,0.24766,0.30102,0.26272,0.35003,0.30072
0.25741,0.23204,0.22215,0.27646,0.27532,0.21098,0.29366,0.3436,0.27267,0.33194,0.32909,0.24065,0.19914,0.30435,0.26544,0.29033,0.24017,0.22883,0.22242,0.29176,0.27925,0.25679,0.22739,0.37786,0.24311,0.25291,0.27011,0.28443,0.33261,0.26858,0.25794,0.26123,0.32747,0.39327,0.26564,0.29814,0.3095,0.22982,0.22864,0.2372,0.23394,0.33655,0.24272,0.33859,0.2144,0.24795,0.33153,0.42368,0.23209,0.49513,0.42922,0.41221,0.21232,0.33694,0.20208,0.35706,0.28004,0.26598,0.42434,0.2068,0.23463,0.26964,0.35485,0.58023,0.27513,0.31441,0.24654,0.23852,0.25881,0.22133,0.29316,0.33713,0.34204,0.44159,0.29114,0.28152,0.22549,0.20201,0.23401,0.26072,0.38084,0.40345,0.206,0.38552,0.35833,0.22598,0.30275,0.24281,0.25176,0,0.35005,0.22066,0.23285,0.20964,0.32101,0.22748,0.24356,0.1931,0.39244,0.40018,0.28645,0.29421,0.20375,0.21443,0.36347,0.26538,0.39518,0.31901
0.40144,0.37914,0.37302,0.38837,0.33558,0.32115,0.42209,0.4365,0.38321,0.41228,0.39472,0.37914,0.33863,0.40709,0.37339,0.38935,0.3952,0.34947,0.36354,0.44191,0.38094,0.36495,0.36501,0.44408,0.39297,0.40634,0.41185,0.37316,0.45449,0.34658,0.31887,0.37522,0.40431,0.44543,0.36162,0.38623,0.36471,0.32474,0.34129,0.36381,0.31138,0.32421,0.35927,0.40347,0.37083,0.40242,0.4141,0.33612,0.33646,0.41818,0.32211,0.38502,0.35151,0.36937,0.37651,0.29673,0.30358,0.3963,0.36239,0.31377,0.3535,0.39837,0.36835,0.4908,0.38609,0.39337,0.37591,0.36982,0.34672,0.34006,0.37681,0.28623,0.44627,0.31493,0.369,0.31989,0.32111,0.35092,0.3056,0.32439,0.36978,0.30519,0.37968,0.22804,0.3274,0.3323,0.25628,0.36891,0.33531,0.35005,0,0.37651,0.37214,0.3611,0.43731,0.36428,0.36563,0.36051,0.25723,0.29096,0.25083,0.25209,0.32323,0.37799,0.21342,0.34119,0.24947,0.30673
0.31057,0.25877,0.2353,0.29525,0.29715,0.24002,0.33944,0.37416,0.26217,0.35585,0.36618,0.26699,0.21549,0.32022,0.31315,0.32799,0.28942,0.26051,0.28386,0.31922,0.32534,0.30068,0.2703,0.34893,0.30627,0.29582,0.32825,0.29688,0.32839,0.293,0.28576,0.29694,0.34131,0.40968,0.26618,0.30484,0.34783,0.25891,0.22152,0.2376,0.25628,0.31007,0.32198,0.39525,0.25627,0.30099,0.32411,0.4619,0.30331,0.57421,0.46413,0.46378,0.29949,0.40268,0.28354,0.42006,0.27676,0.31246,0.47231,0.24501,0.29201,0.34269,0.39849,0.60125,0.27546,0.32657,0.26775,0.25683,0.31993,0.2525,0.31601,0.36616,0.3871,0.47336,0.35631,0.26053,0.27694,0.2124,0.24133,0.2743,0.32523,0.45095,0.237,0.39218,0.33835,0.28866,0.33307,0.24844,0.2921,0.22066,0.37651,0,0.23621,0.18874,0.28845,0.21121,0.23955,0.21123,0.37486,0.43108,0.31218,0.28221,0.22987,0.24723,0.37835,0.21939,0.39274,0.28531
0.23929,0.24373,0.20527,0.26608,0.26274,0.18184,0.26494,0.31102,0.27694,0.32586,0.29184,0.20858,0.2077,0.32165,0.22833,0.26311,0.22762,0.19364,0.22509,0.295,0.24727,0.22439,0.22497,0.39369,0.22381,0.22471,0.24702,0.25392,0.33132,0.2769,0.25848,0.22836,0.31749,0.37802,0.25258,0.25025,0.29252,0.20756,0.22004,0.2069,0.21298,0.33864,0.23371,0.32547,0.22149,0.23262,0.3475,0.45023,0.23955,0.50272,0.44746,0.43169,0.23079,0.33507,0.2241,0.37137,0.28588,0.2341,0.44623,0.24945,0.25724,0.28198,0.37813,0.58421,0.32049,0.34726,0.23671,0.25642,0.29022,0.25305,0.30185,0.35563,0.38049,0.45605,0.25714,0.3178,0.18167,0.20412,0.21263,0.23256,0.37114,0.41029,0.24222,0.3456,0.34727,0.23368,0.30473,0.21825,0.21535,0.23285,0.37214,0.23621,0,0.19869,0.29955,0.22513,0.21478,0.1551,0.38659,0.37835,0.31792,0.31998,0.18338,0.16508,0.35544,0.2558,0.39263,0.3245
0.27986,0.22904,0.19339,0.27575,0.25671,0.19439,0.28049,0.29982,0.25553,0.32471,0.32879,0.21407,0.19417,0.30099,0.25705,0.28709,0.25103,0.18239,0.20764,0.24497,0.28013,0.24966,0.23976,0.36004,0.23237,0.21934,0.23506,0.29329,0.31002,0.26491,0.28218,0.24952,0.3339,0.40135,0.24203,0.26671,0.26165,0.2115,0.23994,0.18578,0.21254,0.35117,0.23806,0.30214,0.23628,0.23046,0.31446,0.46896,0.2321,0.50919,0.44112,0.43395,0.26146,0.3376,0.2202,0.38319,0.29921,0.27687,0.43533,0.27356,0.26589,0.28139,0.36808,0.59852,0.29628,0.34371,0.23315,0.25361,0.30775,0.23402,0.27198,0.37388,0.36718,0.45149,0.27885,0.24873,0.22198,0.20839,0.18688,0.27466,0.36486,0.40906,0.22642,0.38846,0.36268,0.25189,0.29144,0.23559,0.23804,0.20964,0.3611,0.18874,0.19869,0,0.3046,0.19325,0.22081,0.17154,0.40561,0.39665,0.30141,0.34331,0.21347,0.1886,0.35362,0.23912,0.38624,0.31046
0.33219,0.34256,0.27589,0.29957,0.34242,0.2953,0.33581,0.37605,0.31131,0.39286,0.31584,0.33256,0.27515,0.30602,0.31089,0.3367,0.32074,0.32426,0.33268,0.33395,0.32695,0.27293,0.26823,0.33848,0.28567,0.29097,0.28402,0.32468,0.28477,0.31374,0.31511,0.29832,0.33488,0.39163,0.29906,0.38358,0.39091,0.33432,0.25585,0.32517,0.30689,0.31916,0.35044,0.3547,0.25083,0.27578,0.3102,0.49437,0.33823,0.55708,0.48604,0.48333,0.30359,0.40796,0.3503,0.41474,0.31311,0.37256,0.48258,0.29414,0.33774,0.35243,0.45405,0.60016,0.34609,0.38174,0.27784,0.31739,0.34948,0.29711,0.37163,0.445,0.49012,0.50199,0.37187,0.37865,0.29042,0.27212,0.30481,0.33411,0.36781,0.46785,0.29095,0.43276,0.34216,0.29623,0.39561,0.31869,0.33582,0.32101,0.43731,0.28845,0.29955,0.3046,0,0.26723,0.24216,0.29233,0.37117,0.38154,0.39383,0.3355,0.27393,0.34086,0.3868,0.28516,0.38355,0.35044
0.29313,0.25726,0.23249,0.28712,0.28771,0.21674,0.28962,0.31976,0.28172,0.35278,0.34241,0.23965,0.19298,0.32637,0.26942,0.30422,0.27443,0.20717,0.24332,0.29271,0.29701,0.28061,0.2579,0.36383,0.27895,0.25577,0.26939,0.29508,0.30932,0.28322,0.27461,0.25815,0.34969,0.38952,0.24493,0.31522,0.31957,0.2333,0.23537,0.20593,0.24014,0.31943,0.26368,0.33778,0.26513,0.27037,0.32828,0.44171,0.28185,0.52428,0.45525,0.46298,0.26584,0.3742,0.24752,0.39836,0.28415,0.29835,0.46251,0.2779,0.2718,0.33299,0.38583,0.59031,0.31303,0.34027,0.23855,0.2503,0.31515,0.27527,0.31825,0.36738,0.37059,0.4597,0.2949,0.272,0.23093,0.1983,0.22415,0.25626,0.35511,0.41657,0.24914,0.37104,0.35681,0.27084,0.30081,0.25737,0.24884,0.22748,0.36428,0.21121,0.22513,0.19325,0.26723,0,0.23136,0.22045,0.37656,0.40527,0.31454,0.31405,0.22613,0.24939,0.34672,0.22874,0.38302,0.31275
0.27553,0.26375,0.23403,0.2307,0.30119,0.22427,0.28173,0.27982,0.25985,0.29404,0.29949,0.25779,0.20728,0.27898,0.22229,0.26177,0.27107,0.22403,0.27182,0.3255,0.25877,0.23444,0.20644,0.36405,0.22119,0.22646,0.24505,0.23665,0.31844,0.29383,0.2453,0.24075,0.2606,0.35622,0.18416,0.28842,0.30973,0.21972,0.24741,0.20858,0.22085,0.29822,0.28498,0.3014,0.19997,0.23992,0.33393,0.45112,0.25881,0.52028,0.45771,0.44886,0.26707,0.34918,0.26708,0.38519,0.23109,0.27026,0.46747,0.25461,0.2792,0.30023,0.40473,0.60908,0.33393,0.30559,0.23935,0.21817,0.31477,0.23957,0.32915,0.37219,0.39611,0.44403,0.28497,0.31854,0.22497,0.18488,0.19145,0.23117,0.35133,0.40569,0.20283,0.37011,0.33371,0.25649,0.33016,0.25865,0.20214,0.24356,0.36563,0.23955,0.21478,0.22081,0.24216,0.23136,0,0.18501,0.36658,0.31605,0.29794,0.27674,0.19134,0.24952,0.30048,0.24108,0.34685,0.25593
0.24435,0.21767,0.19386,0.26182,0.25668,0.16543,0.25984,0.30291,0.30227,0.34557,0.3338,0.2083,0.18102,0.31692,0.24181,0.26037,0.20769,0.18221,0.21091,0.27189,0.24231,0.24435,0.22602,0.41325,0.20509,0.2109,0.25237,0.26963,0.34865,0.27935,0.25676,0.23113,0.30696,0.40211,0.25444,0.26073,0.29973,0.19365,0.22906,0.18278,0.19574,0.35719,0.19711,0.33252,0.20855,0.23417,0.36177,0.43275,0.21803,0.48468,0.44857,0.40353,0.20028,0.31092,0.17593,0.36707,0.28188,0.20826,0.44846,0.21195,0.23632,0.24823,0.34279,0.59099,0.27541,0.33451,0.24414,0.22281,0.25562,0.21002,0.29744,0.3367,0.32079,0.44377,0.23857,0.28671,0.19809,0.18969,0.18035,0.24068,0.38747,0.40739,0.2208,0.36303,0.38814,0.22922,0.28127,0.20259,0.19617,0.1931,0.36051,0.21123,0.1551,0.17154,0.29233,0.22045,0.18501,0,0.36294,0.40528,0.29412,0.31281,0.22179,0.17726,0.38037,0.2764,0.37042,0.32337
0.40119,0.40926,0.40277,0.40438,0.31492,0.32798,0.40402,0.42216,0.39912,0.42905,0.38845,0.40385,0.36679,0.43167,0.40822,0.4007,0.35876,0.36408,0.39584,0.44781,0.35599,0.40487,0.38663,0.51973,0.37105,0.38141,0.41253,0.38826,0.48239,0.34151,0.31341,0.38449,0.41721,0.46868,0.36105,0.41073,0.40119,0.35222,0.34621,0.41563,0.28684,0.37579,0.3298,0.39919,0.38983,0.4044,0.45597,0.22946,0.33834,0.34531,0.29642,0.34374,0.34514,0.32722,0.39057,0.30514,0.31943,0.40306,0.33242,0.32576,0.33968,0.3795,0.34945,0.37131,0.4291,0.41527,0.36221,0.40067,0.33733,0.34421,0.404,0.27791,0.42186,0.2694,0.35618,0.39451,0.30219,0.38575,0.34692,0.31656,0.39338,0.30941,0.41434,0.23646,0.39579,0.33505,0.29647,0.39559,0.35004,0.39244,0.25723,0.37486,0.38659,0.40561,0.37117,0.37656,0.36658,0.36294,0,0.36809,0.32094,0.37523,0.39858,0.43444,0.3356,0.43789,0.31871,0.41855
0.42449,0.37994,0.41156,0.35174,0.28572,0.31155,0.36432,0.36863,0.4507,0.43385,0.3874,0.39155,0.36698,0.36946,0.38265,0.37956,0.33584,0.34816,0.40375,0.40578,0.37113,0.37103,0.36024,0.50613,0.35691,0.35458,0.38232,0.3811,0.42347,0.32108,0.32545,0.34975,0.36929,0.4939,0.31981,0.44952,0.38412,0.35736,0.40499,0.4119,0.30952,0.35662,0.32918,0.30488,0.36252,0.36335,0.4675,0.32696,0.35317,0.34604,0.28465,0.31532,0.35966,0.28844,0.3986,0.22256,0.32015,0.43858,0.29031,0.32928,0.33427,0.35437,0.33168,0.41876,0.44987,0.40861,0.35398,0.35803,0.36432,0.35137,0.40759,0.34564,0.46522,0.27814,0.33788,0.39806,0.30309,0.40442,0.34941,0.33401,0.40086,0.20422,0.39496,0.26871,0.38489,0.31609,0.33034,0.43939,0.31071,0.40018,0.29096,0.43108,0.37835,0.39665,0.38154,0.40527,0.31605,0.40528,0.36809,0,0.28036,0.35545,0.39172,0.4592,0.27213,0.44034,0.22137,0.37432
0.3518,0.29944,0.32087,0.33453,0.23365,0.25246,0.36206,0.36924,0.37809,0.37406,0.36454,0.29229,0.28386,0.3678,0.33576,0.33083,0.3234,0.27647,0.27744,0.3282,0.34794,0.35259,0.33072,0.48369,0.33308,0.3043,0.32933,0.33583,0.44074,0.30409,0.32502,0.3527,0.37581,0.43775,0.29138,0.34571,0.31247,0.28167,0.31351,0.26742,0.23256,0.4096,0.27729,0.31938,0.32348,0.3134,0.4277,0.30432,0.2965,0.36568,0.27947,0.32322,0.31903,0.2916,0.31354,0.24308,0.34402,0.36437,0.28888,0.28803,0.30822,0.34742,0.34323,0.47226,0.38361,0.35944,0.29952,0.32789,0.32288,0.30278,0.32846,0.28651,0.39919,0.2479,0.30001,0.30732,0.26532,0.30804,0.30176,0.32235,0.41619,0.26235,0.30925,0.26846,0.38833,0.2585,0.26953,0.32761,0.31151,0.28645,0.25083,0.31218,0.31792,0.30141,0.39383,0.31454,0.29794,0.29412,0.32094,0.28036,0,0.3097,0.32695,0.34351,0.25953,0.38877,0.25652,0.33439
0.39694,0.35575,0.35452,0.31837,0.31085,0.34306,0.39809,0.44088,0.32884,0.38063,0.40064,0.37527,0.33421,0.3807,0.38323,0.40765,0.37345,0.33377,0.38366,0.37739,0.3876,0.36811,0.35097,0.428,0.37671,0.36485,0.37765,0.34914,0.41127,0.34076,0.31623,0.37526,0.39517,0.42129,0.31642,0.38037,0.36674,0.31736,0.3106,0.33457,0.31374,0.31859,0.37828,0.36803,0.36582,0.37336,0.41082,0.37295,0.35589,0.44254,0.35585,0.41884,0.36513,0.3851,0.33312,0.31777,0.32432,0.37194,0.36239,0.29675,0.36997,0.38217,0.39983,0.5208,0.36889,0.38139,0.33128,0.35553,0.38777,0.33327,0.36739,0.29146,0.42264,0.35322,0.37778,0.30185,0.33456,0.32101,0.2964,0.32896,0.29457,0.39856,0.34628,0.26276,0.28038,0.37372,0.2494,0.31306,0.30776,0.29421,0.25209,0.28221,0.31998,0.34331,0.3355,0.31405,0.27674,0.31281,0.37523,0.35545,0.3097,0,0.3593,0.39792,0.29355,0.31431,0.2704,0.28344
0.2398,0.23008,0.21128,0.28287,0.24705,0.18128,0.27317,0.29489,0.29941,0.33304,0.30208,0.19735,0.20607,0.30426,0.2303,0.26652,0.21909,0.21364,0.1994,0.31946,0.24838,0.26314,0.23356,0.43823,0.22751,0.24169,0.26462,0.27131,0.34675,0.2604,0.27212,0.24109,0.32423,0.3983,0.2674,0.29453,0.28656,0.20463,0.24118,0.23622,0.20225,0.33565,0.20636,0.31999,0.21865,0.23691,0.35434,0.38333,0.21839,0.47158,0.39095,0.38325,0.19316,0.29339,0.20079,0.31006,0.24049,0.21978,0.41573,0.21954,0.2151,0.26248,0.34467,0.55111,0.30876,0.30152,0.23296,0.23598,0.22878,0.24305,0.29342,0.31418,0.3555,0.39235,0.24799,0.29414,0.17113,0.20501,0.18537,0.21393,0.41078,0.38955,0.2278,0.31513,0.37918,0.18703,0.29978,0.25567,0.1941,0.20375,0.32323,0.22987,0.18338,0.21347,0.27393,0.22613,0.19134,0.22179,0.39858,0.39172,0.32695,0.3593,0,0.22386,0.31417,0.27062,0.3398,0.34058
0.23792,0.22631,0.21005,0.33705,0.27036,0.18158,0.27229,0.32732,0.28725,0.31608,0.33255,0.19225,0.23324,0.33146,0.26345,0.27044,0.21326,0.1946,0.19089,0.27793,0.2633,0.25691,0.26332,0.43351,0.24287,0.2361,0.26503,0.30592,0.37611,0.29924,0.29718,0.27306,0.36214,0.39961,0.30476,0.22202,0.26431,0.19921,0.25714,0.21415,0.23435,0.40734,0.20873,0.35312,0.26906,0.23674,0.36555,0.45092,0.20243,0.48233,0.4569,0.39175,0.21406,0.31653,0.19073,0.37858,0.34653,0.21274,0.43693,0.26786,0.25795,0.2635,0.34794,0.57969,0.30476,0.37064,0.26103,0.29307,0.2494,0.23765,0.27455,0.33938,0.35116,0.44947,0.2421,0.30201,0.20405,0.2418,0.20909,0.28083,0.41956,0.42874,0.25605,0.35566,0.42601,0.23234,0.30082,0.23054,0.24766,0.21443,0.37799,0.24723,0.16508,0.1886,0.34086,0.24939,0.24952,0.17726,0.43444,0.4592,0.34351,0.39792,0.22386,0,0.36556,0.32212,0.36073,0.33951
0.39721,0.37973,0.37905,0.37706,0.32752,0.31251,0.38811,0.39349,0.38293,0.4118,0.40118,0.36987,0.33908,0.38958,0.35968,0.3972,0.37663,0.33369,0.35186,0.40577,0.37676,0.37297,0.3718,0.45979,0.37615,0.37499,0.38461,0.36642,0.43949,0.34059,0.3406,0.36312,0.40145,0.44661,0.35068,0.38416,0.34105,0.33721,0.35178,0.35371,0.28741,0.32332,0.3264,0.32398,0.37038,0.36914,0.42416,0.33752,0.33092,0.39462,0.30617,0.36364,0.35633,0.31054,0.36887,0.25284,0.34395,0.39282,0.29901,0.32588,0.37351,0.38467,0.34185,0.4726,0.41617,0.38837,0.36542,0.38714,0.37565,0.37186,0.38252,0.30785,0.43995,0.30365,0.34471,0.33885,0.31577,0.3521,0.32899,0.30406,0.39822,0.23136,0.38499,0.24747,0.3654,0.33964,0.25102,0.4009,0.30102,0.36347,0.21342,0.37835,0.35544,0.35362,0.3868,0.34672,0.30048,0.38037,0.3356,0.27213,0.25953,0.29355,0.31417,0.36556,0,0.36855,0.24456,0.32561
0.3383,0.2768,0.26455,0.25542,0.32379,0.25405,0.33769,0.35776,0.30621,0.34926,0.34268,0.29131,0.21072,0.34676,0.3073,0.35485,0.32874,0.26048,0.30771,0.35062,0.32737,0.31155,0.28475,0.41861,0.31643,0.31123,0.33283,0.26151,0.3527,0.32696,0.2687,0.30393,0.32868,0.43726,0.25994,0.32746,0.3459,0.21405,0.21428,0.23894,0.25472,0.27269,0.32928,0.39253,0.2737,0.3408,0.35435,0.44695,0.32904,0.56804,0.43095,0.48985,0.32506,0.4098,0.30567,0.41697,0.25336,0.32345,0.49528,0.2696,0.31968,0.38604,0.41379,0.59278,0.33505,0.32543,0.28153,0.24722,0.35238,0.25944,0.36838,0.35315,0.38117,0.44797,0.36738,0.26214,0.28188,0.20912,0.22319,0.24541,0.35171,0.4293,0.25958,0.3539,0.2884,0.33707,0.31854,0.26586,0.26272,0.26538,0.34119,0.21939,0.2558,0.23912,0.28516,0.22874,0.24108,0.2764,0.43789,0.44034,0.38877,0.31431,0.27062,0.32212,0.36855,0,0.31377,0.25094
0.41727,0.39323,0.39147,0.3762,0.28868,0.30148,0.39088,0.38969,0.43906,0.43064,0.36174,0.38822,0.36174,0.38414,0.38424,0.37184,0.36771,0.33325,0.3963,0.41335,0.37789,0.36291,0.36489,0.49559,0.3452,0.35631,0.39385,0.36324,0.42771,0.30903,0.30872,0.36116,0.36458,0.48824,0.31281,0.43024,0.36975,0.35897,0.38167,0.38912,0.263,0.36228,0.32813,0.33118,0.3882,0.36305,0.43654,0.28948,0.35966,0.34124,0.2559,0.32115,0.34577,0.30746,0.40683,0.25144,0.33761,0.43136,0.32209,0.33605,0.34595,0.3955,0.35687,0.43141,0.4692,0.40376,0.35514,0.35431,0.34595,0.33283,0.40164,0.3236,0.48185,0.25844,0.35324,0.37011,0.29074,0.38024,0.34319,0.32721,0.38235,0.24108,0.37775,0.26153,0.40076,0.32489,0.30337,0.40739,0.35003,0.39518,0.24947,0.39274,0.39263,0.38624,0.38355,0.38302,0.34685,0.37042,0.31871,0.22137,0.25652,0.2704,0.3398,0.36073,0.24456,0.31377,0,0.35067
0.41826,0.28074,0.30636,0.26878,0.3135,0.29558,0.37053,0.37993,0.31067,0.3634,0.40759,0.32902,0.27809,0.33562,0.36824,0.38031,0.3422,0.30889,0.34407,0.34364,0.38538,0.35073,0.32746,0.38205,0.3399,0.33084,0.36927,0.28478,0.40929,0.33614,0.32411,0.35045,0.36197,0.46787,0.28253,0.32679,0.31093,0.25186,0.29795,0.29329,0.29178,0.32648,0.3623,0.37219,0.33822,0.35486,0.39601,0.41408,0.32695,0.52267,0.3787,0.43291,0.3626,0.38877,0.36037,0.35887,0.26865,0.38731,0.46943,0.28233,0.35953,0.3848,0.39638,0.56462,0.356,0.34563,0.33458,0.29814,0.38087,0.28714,0.35399,0.3093,0.42868,0.3633,0.3738,0.24366,0.35061,0.28147,0.25172,0.29906,0.3481,0.46867,0.30368,0.28473,0.30332,0.36387,0.29669,0.33313,0.30072,0.31901,0.30673,0.28531,0.3245,0.31046,0.35044,0.31275,0.25593,0.32337,0.41855,0.37432,0.33439,0.28344,0.34058,0.33951,0.32561,0.25094,0.35067,0
